{"route":[[124.48436,9.95236],[124.48322,9.95136],[124.48204,9.95052],[124.48084,9.94846],[124.47904,9.94824],[124.47834,9.94718],[124.47695,9.94601],[124.47574,9.94559],[124.47506,9.9444],[124.47317,9.94406],[124.47217,9.94328],[124.47102,9.94352],[124.46984,9.94274],[124.46834,9.94216],[124.46857,9.94087],[124.4687,9.93947],[124.46852,9.93783],[124.46889,9.93611],[124.46901,9.93476],[124.46969,9.93391],[124.47018,9.93266],[124.46913,9.93189],[124.46799,9.93105],[124.46679,9.93062],[124.46644,9.92874],[124.46565,9.92971]],"ele":[432,376,383,396,347,342,258,253,301,329,374,334,306,346,367,329,297,257,264,267,296,233,233,244,170,155],"dist_km":4.2,"ascent_m":107,"net":[[[124.4405,9.8986],[124.441,9.8985]],[[124.4515,9.9043],[124.4524,9.9045]],[[124.4431,9.8942],[124.4426,9.8941]],[[124.4424,9.8946],[124.4425,9.8944]],[[124.4441,9.94],[124.445,9.9446],[124.4456,9.9459]],[[124.4439,9.9401],[124.4444,9.9431],[124.4443,9.9448]],[[124.4314,9.9217],[124.4337,9.9217],[124.4352,9.9225],[124.4364,9.9217],[124.4385,9.9225],[124.4404,9.9222],[124.4443,9.9209]],[[124.4566,9.9881],[124.4561,9.9867],[124.4566,9.9859],[124.4581,9.9852],[124.4584,9.9835],[124.458,9.9833],[124.4578,9.9828],[124.4548,9.9805],[124.4546,9.9783],[124.4539,9.9778],[124.4535,9.9768],[124.4526,9.976],[124.4533,9.9748],[124.4539,9.9715],[124.4529,9.9689],[124.4531,9.968],[124.4527,9.967],[124.4525,9.9617],[124.4512,9.9607],[124.45,9.9603]],[[124.4482,9.9652],[124.4508,9.9646],[124.4512,9.9643],[124.4514,9.965],[124.4527,9.9655],[124.4558,9.9651]],[[124.4472,9.9631],[124.4473,9.9641]],[[124.4473,9.9641],[124.4482,9.9654]],[[124.446,9.9615],[124.4462,9.9622]],[[124.4482,9.9654],[124.4485,9.9664],[124.4483,9.9679],[124.4487,9.9695]],[[124.4551,9.9262],[124.4553,9.9255]],[[124.4247,9.9369],[124.4239,9.9403]],[[124.4527,9.9761],[124.4575,9.9753],[124.4591,9.9748],[124.4601,9.9739],[124.4609,9.9737],[124.4619,9.9736],[124.4633,9.974],[124.4649,9.9735],[124.4656,9.9738],[124.4664,9.9736],[124.4674,9.9726],[124.4677,9.9716],[124.4689,9.9702],[124.4694,9.9704],[124.4705,9.9719],[124.4721,9.9729],[124.473,9.973],[124.4746,9.9728],[124.4751,9.9723],[124.4749,9.9716]],[[124.442,9.8941],[124.4423,9.8941]],[[124.4559,9.9097],[124.4563,9.9103],[124.4573,9.9101]],[[124.4592,9.9151],[124.4592,9.9159],[124.46,9.9165],[124.4602,9.9174],[124.4599,9.9192],[124.4592,9.9195],[124.4576,9.9194],[124.4559,9.9184],[124.4552,9.9186],[124.4543,9.9174],[124.4542,9.9169],[124.4527,9.9166],[124.4517,9.915],[124.4503,9.914],[124.4496,9.9129],[124.4497,9.9106],[124.4503,9.9095],[124.4501,9.9092]],[[124.4599,9.9192],[124.4607,9.9197],[124.4611,9.921],[124.4624,9.9212],[124.4635,9.923],[124.4634,9.9242],[124.4606,9.9263],[124.4595,9.928],[124.4579,9.9282]],[[124.4714,9.9317],[124.4702,9.9326],[124.469,9.9348],[124.469,9.937],[124.4685,9.9378],[124.4686,9.9407],[124.4682,9.9416],[124.4677,9.9415],[124.4665,9.9401],[124.4643,9.9394],[124.4615,9.939],[124.4606,9.9367],[124.4612,9.9358]],[[124.4682,9.9416],[124.4683,9.9422],[124.4698,9.9427],[124.4704,9.9434],[124.471,9.9435],[124.4722,9.9433],[124.4732,9.9441],[124.4751,9.9444],[124.4757,9.9456],[124.477,9.946],[124.4781,9.9468],[124.479,9.9482],[124.4798,9.9485],[124.4808,9.9485],[124.482,9.9501],[124.482,9.9505],[124.4844,9.9524]],[[124.4702,9.9327],[124.4695,9.932],[124.4667,9.9305],[124.4664,9.9287],[124.4669,9.927],[124.4664,9.9262],[124.4649,9.9255],[124.4643,9.9256],[124.4639,9.925],[124.4625,9.9249]],[[124.4664,9.9287],[124.4657,9.9295],[124.4653,9.9309],[124.4623,9.9326],[124.4601,9.9334]],[[124.4881,9.9326],[124.4897,9.931],[124.4914,9.9308],[124.4916,9.9303],[124.4924,9.9296],[124.4943,9.9298]],[[124.4972,9.9346],[124.4972,9.9337],[124.4979,9.933],[124.4987,9.9307],[124.4982,9.9302],[124.4973,9.9299],[124.4967,9.9288]],[[124.4328,9.9339],[124.4333,9.9344],[124.4335,9.9342],[124.4337,9.9345],[124.4344,9.9346]],[[124.4291,9.9332],[124.4305,9.9346],[124.4313,9.9351]],[[124.4391,9.9396],[124.4376,9.9364],[124.4372,9.9362],[124.4373,9.9354]],[[124.4312,9.9522],[124.4313,9.9527]],[[124.4397,9.9519],[124.4422,9.9519]],[[124.4642,9.9394],[124.4642,9.9385],[124.4636,9.9367],[124.4626,9.9359],[124.4614,9.9342],[124.4603,9.9337],[124.4601,9.9334]],[[124.4571,9.9192],[124.4577,9.9186],[124.4581,9.9175],[124.458,9.9159],[124.4584,9.9147],[124.4592,9.9151]]],"src":"OpenStreetMap"}