{"route":[[121.05406,16.95601],[121.05515,16.95598],[121.05609,16.95652],[121.05569,16.9578],[121.05649,16.95877],[121.05726,16.95978],[121.05844,16.95997],[121.05898,16.9609],[121.0602,16.96208],[121.06046,16.96334],[121.06158,16.96391],[121.06256,16.9644],[121.06287,16.96513],[121.06352,16.96577],[121.06447,16.96622],[121.06481,16.9673],[121.06525,16.96798],[121.0661,16.96842],[121.06541,16.96921],[121.06528,16.96987],[121.06654,16.97053],[121.0666,16.97176],[121.06703,16.97269],[121.06809,16.97346],[121.06815,16.9747],[121.06868,16.97554],[121.06914,16.97647],[121.06972,16.97749],[121.07056,16.97598],[121.07231,16.97511],[121.07266,16.97652],[121.07354,16.97696],[121.07436,16.97769],[121.07492,16.97634],[121.07592,16.97698],[121.07684,16.9766],[121.07831,16.97722],[121.0794,16.97643],[121.08043,16.97601],[121.08129,16.97577],[121.08188,16.97458],[121.08256,16.9745],[121.08294,16.97587],[121.08381,16.9765],[121.08501,16.9761],[121.08566,16.97527],[121.08646,16.97444],[121.08737,16.97439],[121.08832,16.97452],[121.08946,16.97544],[121.09046,16.97534],[121.09156,16.97519],[121.09229,16.97442],[121.09341,16.97474],[121.09384,16.97398],[121.09525,16.97366],[121.09595,16.97302],[121.09728,16.97286],[121.09767,16.97308],[121.09745,16.97408],[121.09854,16.97497],[121.09944,16.9764],[121.10044,16.97701],[121.10079,16.97701],[121.10184,16.97648],[121.10266,16.97675],[121.10375,16.97678],[121.10527,16.97646],[121.10628,16.97615],[121.10651,16.97672],[121.1063,16.97764],[121.1057,16.97897],[121.10627,16.97992],[121.10749,16.98048],[121.10794,16.98141],[121.10883,16.98193],[121.10992,16.98274],[121.11032,16.98402],[121.11092,16.98504],[121.11218,16.9855],[121.11303,16.98639],[121.11488,16.98631],[121.11614,16.98653],[121.11731,16.98595],[121.11868,16.98603],[121.12108,16.98556],[121.12225,16.98615],[121.12328,16.98639],[121.12432,16.98656],[121.1253,16.98691],[121.12597,16.98686],[121.12721,16.98728],[121.12808,16.98718],[121.12904,16.98652],[121.13031,16.9868],[121.13196,16.98652],[121.13375,16.98693],[121.13455,16.98773],[121.13419,16.98878],[121.13403,16.98976],[121.1342,16.99079],[121.1344,16.99213],[121.13341,16.9929],[121.13225,16.99335],[121.13114,16.99404],[121.13019,16.99474],[121.12928,16.99534],[121.12881,16.99641],[121.12851,16.99794],[121.12883,16.99941],[121.12892,17.0013],[121.12906,17.00272],[121.12963,17.00377],[121.13088,17.00469],[121.13035,17.00631],[121.12945,17.00833],[121.12939,17.0094],[121.12932,17.01064],[121.12963,17.01184]],"ele":[1590,1652,1623,1659,1631,1592,1583,1624,1628,1641,1666,1665,1676,1682,1693,1692,1728,1775,1763,1763,1775,1821,1855,1852,1865,1843,1860,1834,1781,1771,1790,1814,1853,1724,1795,1721,1729,1684,1716,1650,1629,1633,1661,1629,1636,1568,1551,1573,1587,1571,1555,1552,1509,1511,1459,1504,1465,1430,1381,1436,1320,1316,1281,1281,1185,1224,1271,1229,1270,1316,1363,1377,1389,1399,1459,1476,1520,1572,1521,1591,1628,1670,1731,1725,1720,1801,1729,1751,1777,1759,1781,1817,1847,1842,1747,1724,1664,1676,1704,1800,1794,1874,1892,1923,1979,2005,2034,2052,2124,2197,2282,2358,2405,2510,2532,2599,2637,2664,2663],"dist_km":18.4,"ascent_m":1940,"net":[[[121.1097,16.9825],[121.1081,16.9818],[121.1079,16.9808],[121.1065,16.9801],[121.1057,16.979],[121.106,16.9778],[121.1068,16.9772],[121.1065,16.9767],[121.1067,16.9763],[121.1063,16.9764],[121.1064,16.9761]],[[121.1296,17.0118],[121.1293,17.0106],[121.1294,17.0083],[121.1309,17.0048],[121.1296,17.0037],[121.1291,17.0027],[121.129,16.9996],[121.1285,16.9979],[121.1288,16.9958],[121.1293,16.9953],[121.1299,16.9952],[121.1317,16.9936],[121.1331,16.9933],[121.1343,16.9926],[121.1344,16.9921]],[[121.1014,16.9768],[121.1014,16.9768]],[[121.1004,17.0394],[121.1003,17.0393]],[[121.1004,17.0395],[121.1004,17.0394]],[[121.1014,16.9768],[121.1008,16.977],[121.1003,16.9777],[121.1004,16.977],[121.0994,16.9764],[121.0985,16.975],[121.0979,16.9748],[121.0973,16.9737],[121.0979,16.9727],[121.0969,16.9732],[121.0957,16.9728],[121.0952,16.9737],[121.0943,16.9736],[121.0934,16.9747],[121.0923,16.9744],[121.0916,16.9747],[121.0916,16.9752],[121.0909,16.9749],[121.0901,16.9755],[121.0886,16.975],[121.0876,16.9739],[121.0869,16.9747],[121.0862,16.9746],[121.0859,16.9752],[121.0854,16.9755],[121.085,16.9761],[121.0839,16.9762],[121.0838,16.9765],[121.0829,16.9761],[121.0833,16.9752],[121.0823,16.9741],[121.0813,16.9758],[121.0808,16.9755],[121.0804,16.976],[121.0797,16.9758],[121.079,16.977],[121.0777,16.9772],[121.0765,16.9763],[121.0759,16.977],[121.0749,16.9763],[121.0744,16.9777],[121.0735,16.977],[121.0731,16.977],[121.0726,16.9766],[121.0723,16.9751],[121.0714,16.9762],[121.0706,16.976],[121.0697,16.9775],[121.069,16.9768],[121.0692,16.9761],[121.0687,16.9755],[121.0689,16.9749],[121.0681,16.9747],[121.0681,16.9735],[121.0666,16.972],[121.0665,16.9705],[121.0653,16.9699],[121.0658,16.9693],[121.0654,16.9692],[121.0656,16.9687],[121.0661,16.9684],[121.0659,16.9681],[121.0647,16.9679],[121.0648,16.9667],[121.0641,16.9658],[121.0635,16.9658],[121.0632,16.9651],[121.0626,16.9651],[121.0626,16.964],[121.061,16.9638],[121.0605,16.9633],[121.0598,16.9612],[121.059,16.9609],[121.0587,16.96],[121.058,16.9597],[121.0573,16.9598],[121.0565,16.9588],[121.0558,16.9585],[121.0557,16.9578],[121.0561,16.9565],[121.0545,16.9556],[121.0541,16.956]],[[121.1064,16.9761],[121.1061,16.9763],[121.1057,16.9761],[121.1048,16.9769],[121.1037,16.9768],[121.1036,16.977],[121.1029,16.9768]],[[121.1008,17.0411],[121.101,17.0399],[121.1004,17.0395]],[[121.1344,16.9921],[121.1358,16.9906],[121.1349,16.9895],[121.1349,16.9881],[121.1368,16.9871],[121.1371,16.9865],[121.1382,16.9868],[121.1391,16.9866],[121.1392,16.9863],[121.1396,16.9868],[121.1408,16.9868],[121.1437,16.9856],[121.1463,16.9833],[121.1472,16.9828],[121.1473,16.9825],[121.1484,16.9825],[121.1484,16.9821],[121.1488,16.9818],[121.1487,16.9814],[121.1494,16.9805],[121.1498,16.9804],[121.1498,16.9797],[121.1503,16.9794],[121.1504,16.9788],[121.1509,16.9786],[121.15,16.9784],[121.1493,16.9774],[121.1482,16.9769],[121.1478,16.9754],[121.1478,16.9735],[121.1468,16.9726],[121.1463,16.9706],[121.1468,16.9692],[121.1467,16.9684],[121.1464,16.9683],[121.1463,16.9676],[121.145,16.9665],[121.1452,16.9658],[121.1439,16.9644],[121.1429,16.9623],[121.1417,16.9616],[121.1415,16.9619],[121.1408,16.9612],[121.1407,16.9606],[121.1389,16.9598],[121.1365,16.9592],[121.1361,16.9599],[121.1327,16.9584],[121.1301,16.9554],[121.1288,16.9547],[121.1279,16.9534]],[[121.1344,16.9921],[121.134,16.9913],[121.1339,16.9889],[121.1347,16.9879],[121.1338,16.9874],[121.1336,16.9869],[121.132,16.9865],[121.1303,16.9868],[121.1292,16.9862],[121.1279,16.9875],[121.126,16.9869],[121.1259,16.9872],[121.1253,16.987],[121.1248,16.9866],[121.1233,16.9864],[121.1226,16.986],[121.1222,16.9862],[121.1211,16.9856],[121.1187,16.986],[121.1173,16.986],[121.1161,16.9865],[121.1136,16.9862],[121.113,16.9864],[121.1122,16.9855],[121.1108,16.9849],[121.1103,16.984],[121.1102,16.9829],[121.1097,16.9825]],[[121.1015,17.0398],[121.1014,17.0395],[121.1019,17.0394],[121.102,17.0391]],[[121.102,17.0391],[121.1027,17.0384]],[[121.1027,17.0393],[121.1035,17.0385],[121.1047,17.0387]],[[121.1047,17.0382],[121.1048,17.0379]],[[121.1023,17.0386],[121.1025,17.0387]],[[121.107,17.0392],[121.1072,17.0392]],[[121.1091,17.0426],[121.1091,17.0425]],[[121.0944,17.0511],[121.0952,17.0491],[121.0945,17.0465],[121.0955,17.0434],[121.0965,17.042],[121.0992,17.0402],[121.0999,17.0402],[121.1001,17.0411],[121.1005,17.0414]],[[121.1004,17.0394],[121.0998,17.0393]],[[121.0989,17.0114],[121.0997,17.011],[121.1001,17.0092],[121.1021,17.0085],[121.1027,17.0075],[121.1027,17.007],[121.1033,17.0066],[121.1045,17.0076],[121.1055,17.0066],[121.1053,17.0058],[121.1055,17.0055],[121.1063,17.0052],[121.1054,17.0033],[121.1055,17.0018],[121.105,17.0015],[121.1046,17.0],[121.1061,17.0],[121.1057,16.9999],[121.1055,16.9975],[121.1043,16.9967],[121.1037,16.9956],[121.1025,16.9951],[121.1027,16.9947],[121.1025,16.9936],[121.1018,16.9913],[121.1021,16.9892],