{"route":[[125.19483,6.92476],[125.19591,6.92519],[125.19686,6.92588],[125.19797,6.92599],[125.19911,6.92588],[125.2001,6.92597],[125.2011,6.92575],[125.20316,6.92626],[125.20426,6.9263],[125.20504,6.92547],[125.20648,6.92511],[125.20701,6.92546],[125.20753,6.92635],[125.20758,6.92769],[125.20795,6.92878],[125.20968,6.93007],[125.21151,6.93089],[125.21266,6.93124],[125.21429,6.93219],[125.21552,6.93323],[125.21754,6.93392],[125.21835,6.93468],[125.21841,6.93582],[125.21941,6.93775],[125.22014,6.93993],[125.22158,6.94145],[125.22262,6.94203],[125.22374,6.94191],[125.22477,6.94222],[125.22604,6.94284],[125.2269,6.94365],[125.2279,6.94402],[125.22898,6.9445],[125.23021,6.9456],[125.23227,6.94733],[125.23227,6.94814],[125.23277,6.94942],[125.23372,6.95007],[125.23416,6.95137],[125.23512,6.95191],[125.23552,6.95346],[125.23588,6.95453],[125.23595,6.95657],[125.23717,6.95712],[125.23923,6.95813],[125.24003,6.95911],[125.24113,6.95999],[125.24139,6.96132],[125.24357,6.96279],[125.24507,6.96401],[125.24552,6.9657],[125.24546,6.96681],[125.24643,6.96731],[125.24687,6.96816],[125.24867,6.96869],[125.24888,6.97004],[125.24783,6.97112],[125.24676,6.97259],[125.24762,6.97338],[125.24884,6.97381],[125.25004,6.97416],[125.25131,6.97434],[125.25277,6.97472],[125.25393,6.97579],[125.25501,6.97553],[125.2552,6.9763],[125.25519,6.97733],[125.25475,6.97858],[125.2543,6.98002],[125.25478,6.98114],[125.25573,6.98153],[125.26002,6.98443],[125.26185,6.98582],[125.26236,6.98677],[125.2646,6.98778],[125.26602,6.98784],[125.26706,6.98819],[125.26889,6.98959],[125.27005,6.98954],[125.27021,6.98825],[125.27098,6.98734]],"ele":[809,859,892,887,896,943,923,986,1046,1045,1089,1137,1212,1270,1290,1309,1370,1481,1504,1489,1573,1602,1616,1681,1679,1735,1713,1755,1818,1905,1912,1908,1901,1912,1911,1923,1977,1982,2008,2034,2074,2107,2170,2159,2235,2274,2301,2351,2444,2470,2524,2569,2600,2599,2544,2480,2472,2449,2442,2436,2435,2420,2384,2365,2367,2389,2401,2423,2441,2445,2434,2439,2475,2468,2552,2687,2734,2756,2819,2897,2937],"dist_km":14.0,"ascent_m":2302,"net":[[[125.2769,6.9621],[125.2771,6.9603],[125.2767,6.9597],[125.2769,6.9591],[125.276,6.9587],[125.2763,6.9579],[125.2761,6.9563],[125.2769,6.9556],[125.2774,6.954],[125.2797,6.9523],[125.2809,6.9511],[125.2832,6.9497],[125.2835,6.9498],[125.2857,6.9477]],[[125.2721,6.986],[125.2718,6.9857],[125.2721,6.985]],[[125.2719,6.9863],[125.271,6.9873]],[[125.2731,6.9865],[125.2721,6.986],[125.2719,6.9863]],[[125.2681,7.0046],[125.2695,7.0024],[125.2698,7.0012],[125.2699,6.9999],[125.2696,6.9983],[125.2699,6.9977],[125.2697,6.9962],[125.2701,6.9943],[125.2701,6.9917],[125.2698,6.9912],[125.2702,6.9901],[125.2701,6.9879]],[[125.2697,6.987],[125.2694,6.9872],[125.2686,6.9868],[125.2691,6.9877],[125.2701,6.9879]],[[125.2701,6.9878],[125.2698,6.9872]],[[125.2833,6.9838],[125.2851,6.984],[125.2861,6.9827],[125.2881,6.9793],[125.2889,6.9789],[125.2909,6.9788],[125.2919,6.9781],[125.2931,6.9764],[125.295,6.976],[125.2955,6.9752],[125.2976,6.9745],[125.2992,6.9724],[125.2993,6.9717],[125.3009,6.9705],[125.302,6.9699],[125.3035,6.9698],[125.3045,6.9691],[125.3056,6.9695],[125.3055,6.969],[125.3061,6.9691],[125.3062,6.9688]],[[125.3083,6.9675],[125.3109,6.966],[125.3119,6.9658],[125.3124,6.9648],[125.3131,6.9642]],[[125.3248,7.0532],[125.3214,7.0518],[125.3195,7.0504],[125.3188,7.0491],[125.3186,7.048],[125.319,7.0454],[125.3179,7.044],[125.3183,7.0423],[125.3172,7.041],[125.315,7.0392],[125.314,7.0388],[125.3136,7.0379],[125.3128,7.0374],[125.3124,7.0367],[125.3118,7.0366],[125.311,7.0359],[125.3099,7.0334],[125.3104,7.0323],[125.311,7.032],[125.3113,7.0307],[125.3125,7.0287],[125.3116,7.0287],[125.3102,7.0292],[125.3091,7.0286],[125.3071,7.0285],[125.3058,7.0276],[125.3056,7.0268],[125.3041,7.0274],[125.3038,7.0272],[125.3032,7.0277],[125.3024,7.0271],[125.2969,7.027],[125.2957,7.0272],[125.2929,7.0268],[125.2926,7.0265],[125.2926,7.0256],[125.2934,7.0248],[125.293,7.0241],[125.2888,7.0242],[125.2867,7.0256],[125.2851,7.0251],[125.2844,7.0241],[125.2827,7.0231],[125.2808,7.0231],[125.2797,7.0234],[125.2793,7.0233],[125.2784,7.0225],[125.2768,7.0223],[125.2756,7.0206],[125.2756,7.0189],[125.2741,7.0177],[125.273,7.016],[125.2733,7.0153],[125.2738,7.0151],[125.2742,7.0139],[125.2734,7.0111]],[[125.259,7.0144],[125.2589,7.015],[125.2594,7.0155],[125.2593,7.0168],[125.2607,7.0178],[125.2612,7.0203],[125.2613,7.0227],[125.2609,7.0253],[125.2603,7.0264],[125.2607,7.027],[125.2603,7.0271],[125.2619,7.03],[125.2619,7.0308],[125.2613,7.0318],[125.2593,7.0327],[125.2579,7.0348],[125.2573,7.0366],[125.254,7.0397],[125.253,7.0401],[125.252,7.0413],[125.2508,7.0421],[125.2484,7.0465]],[[125.1948,6.9248],[125.1954,6.9249],[125.197,6.9262],[125.1991,6.9259],[125.1996,6.9261],[125.2008,6.926],[125.202,6.9256],[125.2039,6.9264],[125.2051,6.9254],[125.2071,6.925],[125.207,6.9255],[125.2075,6.9253],[125.2077,6.9258],[125.2076,6.9277],[125.2083,6.9294],[125.2132,6.9314],[125.2155,6.9332],[125.218,6.9343],[125.2203,6.941],[125.2226,6.942],[125.2237,6.9419],[125.2243,6.9423],[125.2257,6.9422],[125.226,6.9428],[125.2268,6.9432],[125.2271,6.9439],[125.229,6.9445],[125.2295,6.9452],[125.2308,6.9458],[125.2326,6.9475],[125.2323,6.9481],[125.2326,6.9484],[125.2328,6.9494],[125.2337,6.9501],[125.2342,6.9514],[125.2354,6.9522],[125.2359,6.9545],[125.2359,6.9566],[125.2362,6.957],[125.2366,6.9573],[125.2378,6.9573],[125.2392,6.9581],[125.2411,6.96],[125.2416,6.9608],[125.2415,6.9616],[125.2451,6.964],[125.2455,6.9657],[125.2455,6.9668],[125.2464,6.9673],[125.2463,6.9677],[125.2469,6.9682],[125.2487,6.9687],[125.2489,6.97],[125.2475,6.9713],[125.2468,6.973],[125.2488,6.9738],[125.2528,6.9747],[125.2528,6.9751],[125.2543,6.9759],[125.2553,6.9756],[125.2551,6.9779],[125.2543,6.9795],[125.2549,6.9813],[125.2561,6.9815],[125.26,6.9844],[125.2619,6.9858],[125.2627,6.987],[125.2646,6.9878],[125.266,6.9878],[125.2662,6.9883],[125.2671,6.9882],[125.2676,6.9889],[125.2689,6.9896],[125.27,6.9896],[125.2701,6.9893]],[[125.2734,7.0111],[125.2735,7.0103],[125.2721,7.0094],[125.2716,7.0081],[125.2726,7.0053]],[[125.2321,7.018],[125.2322,7.0174],[125.233,7.0166],[125.2347,7.0158],[125.2353,7.0148],[125.2354,7.0139],[125.2348,7.0123],[125.2348,7.0096],[125.2365,7.0069],[125.2373,7.0064],[125.2383,7.0066],[125.24,7.0061],[125.2407,7.0056],[125.241,7.0041],[125.2417,7.0047],[125.2425,7.0041],[125.2429,7.003],[125.2432,7.0031],[125.2436,7.0028],[125.2454,7.0031],[125.2457,7.003],[125.2475,7.0036],[125.2483,7.0036],[125.2486,7.0032],[125.2499,7.0036],[125.2524,7.0034],[125.2535,7.0036],[125.2538,7.004],[125.2559,7.0041],[125.2566,7.0045],[125.2579,7.0046],[125.2606,7.0042],[125.2634,7.0032],[125.2661,7.0039]],[[125.2566,7.0045],[125.2554,7.006],[125.2554,7.0065],[125.2549,7.0069],[125.2529,7.0061],[125.2512,7.0075],[125.2503,7.0073],[125.2489,7.0076],[125.248,7.0074],[125.2469,7.0065],[125.2455,7.0059],[125.2447,7.0061],[125.2419,7.0056],[125.2409,7.006],[125.2402,7.0059]],[[125.2615,6.9486],[125.2609,6.9501],[125.2597,6.9503],[125.2591,6.9506],[125.2596,6.953],[125.2594,6.9543],[125.2585,6.9563],[125.2585,6.9576],[125.2591,6.9592],[125.2606,6.9601],[125.2613,6.9598],[125.2616,6.9604],[125.2625,6.9606],[125.2623,6.9616],[125.2629,6.9625],[125.2627,6.9641],[125.2634,6.9663],[125.2632,6.9691],[125.2626,6.9704],[125.2629,6.9713],[125.2627,6.9716],[125.263,6.972],[125.2641,6.9724],[125.2648,6.9734],[125.2641,6.9772]],[[125.2253,7.0539],[125.2255,7.0542],[125.2275,7.0546],[125.2285,7.0542],[125.23,7.0526],[125.2327,7.0522],[125.2366,7.0524],[125.2413,7.0531],[125.2429,7.0519],[125.2448,7.0487],[125.2469,7.0485],[125.248,7.0479],[125.2484,7.0465],[125.2484,7.0455],[125.2492,7.0432],[125.2487,7.0417],[125.2489,7.0404],[125.2484,7.0381],[125.2491,7.0341],[125.2508,7.0334],[125.2513,7.0324],[125.253,7.0311],[125.2533,7.0301],[125.2536,7.0304],[125.2554,7.0293],[125.2563,7.027],[125.2558,7.0234],[125.2565,7.022],[125.2561,7.021],[125.2562,7.0203],[125.257,7.0189],[125.2577,7.0165],[125.2593,7.0137],