{"route":[[120.73522,15.17935],[120.73524,15.17817],[120.73518,15.1768],[120.73592,15.17666],[120.73656,15.17558],[120.73858,15.17577],[120.73989,15.1754],[120.74114,15.17491],[120.74185,15.17413],[120.74303,15.17336],[120.74434,15.17386],[120.74501,15.17456],[120.74535,15.1735],[120.74624,15.17357],[120.74666,15.175],[120.74705,15.1761],[120.74684,15.17717],[120.74617,15.17793],[120.74484,15.17858],[120.74308,15.17858],[120.74269,15.1795],[120.74247,15.18043],[120.74098,15.18123],[120.74126,15.18225],[120.74051,15.18325],[120.73956,15.18405],[120.73857,15.1848],[120.73862,15.18595],[120.73779,15.18679],[120.73839,15.18743],[120.73892,15.18862],[120.73924,15.19009],[120.73945,15.19155],[120.74051,15.19229],[120.74029,15.19342],[120.74003,15.19468],[120.74071,15.19624],[120.74184,15.19735],[120.74278,15.19784],[120.74267,15.19892],[120.74274,15.20029]],"ele":[253,224,213,193,182,180,183,175,168,174,181,176,173,162,184,195,204,219,247,265,281,302,316,342,384,434,484,575,614,626,702,787,824,853,905,926,877,939,913,923,920],"dist_km":6.4,"ascent_m":766,"net":[[[120.7022,15.2068],[120.7026,15.2061]],[[120.7176,15.2118],[120.7179,15.2117]],[[120.7441,15.2423],[120.7446,15.2413],[120.745,15.241],[120.7451,15.2404],[120.7441,15.2392],[120.7436,15.2376]],[[120.7067,15.2049],[120.7078,15.2048]],[[120.711,15.2071],[120.7131,15.2065],[120.7169,15.2067]],[[120.7026,15.2061],[120.7028,15.2059]],[[120.7028,15.2059],[120.7047,15.2058],[120.7053,15.2051],[120.7067,15.2049]],[[120.7115,15.2397],[120.7141,15.2391],[120.7179,15.2372],[120.7198,15.2367],[120.7204,15.237],[120.7212,15.2389],[120.7232,15.2399]],[[120.7117,15.223],[120.712,15.2226]],[[120.7068,15.2049],[120.707,15.2049]],[[120.7071,15.2044],[120.7072,15.2048]],[[120.7077,15.2041],[120.7078,15.2045]],[[120.7085,15.2051],[120.708,15.2046],[120.7074,15.2048]],[[120.7078,15.2048],[120.7082,15.2049]],[[120.708,15.2046],[120.7076,15.2046]],[[120.7088,15.2042],[120.708,15.2045]],[[120.708,15.2064],[120.7079,15.2055],[120.7075,15.2048]],[[120.7648,15.1739],[120.7631,15.1738],[120.7631,15.1748],[120.7622,15.1755]],[[120.7426,15.2051],[120.7417,15.2057],[120.7415,15.2065],[120.7404,15.207],[120.7367,15.2078],[120.7354,15.2075],[120.7327,15.2083],[120.7325,15.2074],[120.7313,15.2064],[120.7288,15.2066]],[[120.7362,15.2037],[120.7372,15.2036],[120.7379,15.2039]],[[120.7596,15.169],[120.7619,15.1697]],[[120.7666,15.1709],[120.7669,15.1703]],[[120.7417,15.2073],[120.7414,15.2067],[120.7415,15.2065]],[[120.7836,15.1796],[120.7769,15.1834]],[[120.7773,15.2259],[120.7768,15.226],[120.7758,15.2274],[120.7746,15.2278],[120.7737,15.2276],[120.7733,15.2281],[120.7726,15.228],[120.7721,15.2287],[120.7712,15.2283],[120.7709,15.2288],[120.7712,15.2294],[120.7705,15.2302]],[[120.7753,15.1842],[120.7723,15.1793],[120.772,15.1772],[120.7725,15.1741]],[[120.7426,15.2051],[120.7422,15.2053]],[[120.7288,15.2066],[120.7308,15.206],[120.7315,15.2053],[120.7323,15.2052],[120.7326,15.2045],[120.7334,15.2045],[120.7349,15.2035],[120.7363,15.2044],[120.7373,15.2043],[120.7379,15.2039],[120.7403,15.2051],[120.7412,15.2052],[120.7417,15.2056],[120.7421,15.2053]],[[120.7062,15.1765],[120.7067,15.175],[120.7068,15.1704],[120.7075,15.1692],[120.7088,15.1683],[120.7092,15.1674],[120.7089,15.1668],[120.7096,15.1659]],[[120.7218,15.2299],[120.7236,15.2268],[120.7253,15.2275],[120.7264,15.2272],[120.7328,15.2227],[120.7347,15.2221]],[[120.7606,15.1763],[120.7618,15.176]],[[120.7619,15.1768],[120.7624,15.1759]],[[120.7528,15.1791],[120.7499,15.1788],[120.7494,15.1789],[120.7493,15.1793],[120.7487,15.1794],[120.7477,15.1788],[120.746,15.1793],[120.7455,15.1791]],[[120.7455,15.1791],[120.7456,15.1783],[120.7469,15.1773],[120.7471,15.1765],[120.7472,15.1757],[120.7464,15.1745],[120.746,15.1727],[120.7472,15.171],[120.7473,15.1691],[120.7479,15.1689],[120.7474,15.1684],[120.747,15.1685],[120.7468,15.1676],[120.7458,15.1667],[120.7458,15.1656],[120.7467,15.1652]],[[120.7739,15.1946],[120.7737,15.1951],[120.7719,15.196],[120.7712,15.197],[120.7703,15.1974],[120.7687,15.199],[120.7681,15.1991],[120.7675,15.2007],[120.7661,15.2012],[120.7652,15.201],[120.7643,15.2013],[120.7634,15.2007],[120.7622,15.2012],[120.7621,15.2027],[120.7614,15.2041],[120.7608,15.2043],[120.7606,15.2052]],[[120.7639,15.1767],[120.7635,15.1783],[120.7639,15.1809],[120.7634,15.1828],[120.764,15.1858]],[[120.764,15.1858],[120.7652,15.185],[120.7655,15.1841],[120.7659,15.1838],[120.7661,15.1841],[120.7678,15.1831],[120.7695,15.1807]],[[120.7642,15.1768],[120.7645,15.1756]],[[120.7573,15.1756],[120.7561,15.1768],[120.7561,15.1773],[120.755,15.1788],[120.7546,15.179],[120.7529,15.1789],[120.752,15.1806],[120.7518,15.1815],[120.7495,15.1829],[120.7489,15.1828],[120.7479,15.1841],[120.7481,15.1849],[120.7476,15.185],[120.747,15.1862],[120.7476,15.1885],[120.7474,15.1891],[120.7456,15.1911],[120.7457,15.192],[120.7445,15.1925],[120.7433,15.1935],[120.7429,15.1942],[120.7431,15.1948],[120.7437,15.1951],[120.7435,15.1958],[120.744,15.1966],[120.7425,15.1974],[120.7428,15.1978],[120.7427,15.2003],[120.7431,15.2007],[120.7429,15.2018],[120.7433,15.2035],[120.7425,15.2048],[120.7426,15.2051]],[[120.7602,15.1759],[120.7617,15.1756]],[[120.746,15.1727],[120.7454,15.1735],[120.7454,15.174],[120.745,15.1746],[120.744,15.1733],[120.7422,15.1733],[120.7419,15.1737],[120.7417,15.1745],[120.7401,15.1754],[120.7386,15.1758],[120.7373,15.1755],[120.7362,15.1757],[120.7359,15.1767],[120.7351,15.1767],[120.7352,15.1793]],[[120.7773,15.2084],[120.7764,15.2084],[120.7759,15.208],[120.7751,15.2079],[120.7732,15.209],[120.7711,15.2084],[120.7685,15.2088],[120.7672,15.2097],[120.7665,15.2122],[120.7646,15.2119],[120.7645,15.2122],[120.7623,15.212],[120.7616,15.2123],[120.7607,15.2134],[120.7611,15.2143],[120.7608,15.2162],[120.7615,15.2163],[120.7628,15.2152],[120.7634,15.2152],[120.764,15.216],[120.7655,15.2167],[120.7658,15.2164],[120.7667,15.2167],[120.7671,15.2164],[120.769,15.2166],[120.7693,15.2164],[120.7714,15.2169],[120.7734,15.2188]],[[120.7455,15.1791],[120.7455,15.1788],[120.7452,15.1788],[120.7434,15.1797],[120.7433,15.1802],[120.7426,15.1809]],[[120.7426,15.1809],[120.7425,15.1805],[120.7432,15.1801],[120.7429,15.1788],[120.7431,15.1786],[120.7455,15.1786]],[[120.7556,15.178],[120.7563,15.1784],[120.7583,15.1786],[120.7603,15.1778],[120.7611,15.1774],[120.7613,15.1768]],[[120.7639,15.1807],[120.765,15.1804],[120.7652,15.18],[120.7672,15.1782],[120.7677,15.1781],[120.7681,15.1773]],[[120.7431,15.1948],[120.7418,15.195],[120.7408,15.1947],[120.7398,15.1948],[120.7389,15.1945],[120.7384,15.1939]],[[120.7437,15.1951],[120.7446,15.195],[120.7472,15.1959],[120.7471,15.1961]],[[120.7739,15.1946],[120.7739,15.1944]],[[120.7769,15.1778],[120.7772,15.1769]],[[120.7762,15.1765],[120.7772,15.1769]],[[120.7802,15.1747],[120.78,15.1752]],[[120.78,15.1752],[120.7804,15.1779]],[[120.7804,15.1779],[120.7808,15.1784]],[[120.7801,15.1756],[120.7811,15.1757],[120.7808,15.1737],[120.7813,15.1739]],[[120.7809,15.1736],[120.779,15.1729],[120.7767,15.1714]],[[120.7811,15.1749],[120.7794,15.1744],[120.7785,15.178]],[[120.7803,15.1773],[120.7788,15.1768]],[[120.7791,15.1755],[120.7801,15.1758]],[[120.7793,15.1748],[120.78,15.1752]],[[120.7805,15.1748],[120.7803,15.1756]],[[120.7801,15.1751],[120.7811,15.1753]],[[120.7807,15.1749],[120.7805,15.1757]],[[120.7809,15.1749],[120.7807,15.1757]],[[120.7767,15.1733],[120.7783,15.1743]],[[120.7777,15.1751],[120.7743,15.1732]],[[120.7747,15.1722],[120.7767,15.1733]],[[120.774,15.1739],[120.7775,15.1757]],[[120.7739,15.1746],[120.7774,15.1761]],[[120.7488,15.2393],[120.7466,15.2396],[120.7451,15.2404]],[[120.7489,15.2391],[120.751,15.2402]],[[120.7489,15.2391],[120.7483,15.2386],[120.7492,15.2379],[120.7499,15.2368]],[[120.7436,15.2376],[120.7431,15.2368],[120.7434,15.2358]],[[120.7511,15.2401],[120.7514,15.2405],[120.7518,15.2404]],[[120.7514,15.2405],[120.7515,15.2407]],[[120.7488,15.2413],[120.7488,15.2417],[120.7474,15.2421],[120.7475,15.2424]],[[120.7488,15.2417],[120.7489,