{"route":[[120.16506,14.83045],[120.16568,14.83135],[120.16621,14.83267],[120.16659,14.8339],[120.16778,14.83517],[120.16744,14.8368],[120.16719,14.83786],[120.16667,14.83911],[120.16675,14.84021],[120.16611,14.84197],[120.16582,14.84333],[120.1652,14.84424],[120.16456,14.84583],[120.16408,14.84703],[120.16305,14.84793],[120.16223,14.84892],[120.16093,14.85013],[120.15999,14.85111],[120.159,14.85184],[120.15833,14.85277],[120.15816,14.85151],[120.15822,14.8501],[120.15809,14.84893],[120.15831,14.84753],[120.15855,14.84647],[120.15859,14.84524],[120.15825,14.84406],[120.15809,14.84282],[120.15723,14.84174],[120.15673,14.84014],[120.15635,14.83857],[120.15586,14.83735],[120.15541,14.83496],[120.15583,14.83393],[120.15625,14.83278],[120.1555,14.83142],[120.15506,14.83043],[120.15445,14.83054],[120.15323,14.83015],[120.1528,14.82887],[120.1518,14.82839],[120.15084,14.82758],[120.15022,14.82647],[120.1491,14.82624],[120.14831,14.82539],[120.14697,14.8248],[120.14647,14.82358],[120.14541,14.82308],[120.14481,14.82195],[120.14448,14.82359],[120.14444,14.82509],[120.14396,14.82608],[120.14372,14.82709],[120.14287,14.82783],[120.14347,14.82922],[120.14372,14.83038],[120.14364,14.83177],[120.14399,14.83332],[120.14394,14.83474],[120.14335,14.83598],[120.14298,14.83718],[120.14107,14.83869],[120.14082,14.84022],[120.14073,14.84153],[120.14042,14.84307],[120.13923,14.84357],[120.13782,14.84376],[120.13698,14.84449],[120.13583,14.84498],[120.13419,14.84529],[120.13337,14.8461],[120.13285,14.84701],[120.1314,14.84792],[120.13058,14.84878],[120.12935,14.85097],[120.12906,14.85207],[120.12886,14.85335],[120.12878,14.85505],[120.12769,14.85545],[120.12659,14.85593],[120.12591,14.85739],[120.12669,14.85864]],"ele":[484,465,426,411,415,391,390,384,372,352,348,329,286,254,231,204,169,123,101,95,92,96,105,122,113,111,112,116,114,133,140,154,161,178,173,171,181,184,176,188,187,193,208,252,289,309,341,363,361,396,442,449,465,471,504,515,528,518,521,545,542,567,502,496,501,445,481,505,526,577,642,662,733,764,856,845,946,984,1005,1078,1065,1063],"dist_km":12.9,"ascent_m":1053,"net":[[[120.1583,14.8528],[120.1581,14.8489],[120.1587,14.8456],[120.1583,14.8448],[120.1581,14.8428],[120.1569,14.8409],[120.1569,14.8392],[120.1563,14.8386],[120.1559,14.8374],[120.1559,14.8363],[120.1554,14.835],[120.1562,14.8328],[120.1562,14.8319]],[[120.139,14.8436],[120.1391,14.8421],[120.1383,14.8411],[120.1346,14.838],[120.1336,14.8364],[120.1322,14.8351],[120.131,14.8346],[120.1296,14.8332],[120.1277,14.832],[120.126,14.8315],[120.1232,14.8299]],[[120.1434,14.8359],[120.1431,14.8363],[120.1427,14.8376],[120.1409,14.8389],[120.1408,14.8421],[120.1404,14.8431],[120.1397,14.8434]],[[120.1606,14.8666],[120.1597,14.8657],[120.1596,14.8649]],[[120.1562,14.8319],[120.1565,14.829],[120.156,14.8277],[120.156,14.8263],[120.1565,14.8254],[120.1556,14.8242],[120.1557,14.8229],[120.1573,14.8187]],[[120.1592,14.864],[120.1567,14.863],[120.1537,14.8625],[120.1531,14.8622],[120.1519,14.8625],[120.1488,14.8624],[120.1479,14.8629],[120.1432,14.8639],[120.1429,14.8645],[120.1413,14.8656],[120.1398,14.8661],[120.1392,14.8651],[120.1383,14.8612],[120.1375,14.8613],[120.1372,14.8609],[120.1361,14.8607],[120.1356,14.8608],[120.1351,14.8606],[120.1343,14.8607],[120.1325,14.86],[120.1318,14.8594],[120.1299,14.859],[120.1295,14.8585]],[[120.158,14.8604],[120.1592,14.8627],[120.1592,14.864]],[[120.1592,14.8647],[120.1592,14.864]],[[120.1075,14.8206],[120.1083,14.8197]],[[120.1082,14.8208],[120.1075,14.8206]],[[120.1084,14.8209],[120.1082,14.8208]],[[120.1514,14.8573],[120.1519,14.858],[120.1533,14.8575],[120.1546,14.8565],[120.1557,14.8562]],[[120.153,14.8599],[120.1545,14.8601],[120.1574,14.8598]],[[120.1559,14.8585],[120.1571,14.8574]],[[120.1553,14.8554],[120.1554,14.8542],[120.1541,14.8511]],[[120.1592,14.8598],[120.1588,14.8597]],[[120.1597,14.8613],[120.1596,14.8603],[120.1592,14.8598]],[[120.1577,14.8576],[120.1593,14.8594],[120.1592,14.8598]],[[120.111,14.822],[120.1111,14.8218]],[[120.111,14.822],[120.1084,14.8209]],[[120.1091,14.8182],[120.1099,14.8187],[120.1107,14.8202]],[[120.112,14.8232],[120.1142,14.8257],[120.1153,14.8264],[120.1171,14.8283],[120.1197,14.8295],[120.1219,14.8294]],[[120.1219,14.8294],[120.1226,14.8293],[120.1232,14.8299]],[[120.1219,14.8294],[120.1232,14.8299]],[[120.1448,14.8219],[120.1444,14.8208],[120.1445,14.8202],[120.144,14.8187],[120.1449,14.8172],[120.1446,14.8159]],[[120.1448,14.8219],[120.1443,14.824],[120.1444,14.8251],[120.1438,14.8264],[120.1439,14.8269],[120.1428,14.8276],[120.1428,14.8283],[120.1435,14.8292],[120.1437,14.8304],[120.1436,14.8323],[120.144,14.8333],[120.1439,14.8352],[120.1434,14.8359]],[[120.1517,14.8522],[120.1527,14.8529]],[[120.1527,14.8529],[120.1517,14.8522]],[[120.157,14.8572],[120.1573,14.857]],[[120.1577,14.8576],[120.1571,14.8585]],[[120.1573,14.857],[120.1577,14.8576]],[[120.1651,14.8304],[120.1661,14.832],[120.1666,14.8339],[120.1674,14.8344],[120.1679,14.8357],[120.1667,14.8391],[120.1668,14.8402],[120.1656,14.8441],[120.1647,14.8448],[120.1646,14.8458],[120.1636,14.8476],[120.163,14.8479],[120.1626,14.8487],[120.1613,14.8494],[120.1583,14.8528]],[[120.1573,14.857],[120.1574,14.855],[120.1582,14.8536],[120.1583,14.8528]],[[120.1562,14.8319],[120.1555,14.8314],[120.1555,14.8307],[120.1549,14.83],[120.1543,14.8306],[120.1534,14.8304],[120.1528,14.8289],[120.1522,14.8284],[120.1518,14.8284],[120.1518,14.8278],[120.1508,14.8276],[120.1502,14.8271],[120.1501,14.8263],[120.1491,14.8262],[120.1483,14.8254],[120.147,14.8248],[120.1465,14.8236],[120.1458,14.8235],[120.1448,14.8219]],[[120.1107,14.8202],[120.1112,14.8209]],[[120.1085,14.8194],[120.1094,14.82],[120.1107,14.8202]],[[120.1094,14.8161],[120.1101,14.8156],[120.1106,14.8156],[120.1112,14.8161],[120.1115,14.8171],[120.1121,14.8173],[120.1121,14.819],[120.1112,14.8209]],[[120.1083,14.8197],[120.1093,14.8177],[120.1094,14.8161]],[[120.1073,14.8205],[120.1075,14.8206]],[[120.1111,14.8218],[120.1104,14.8206],[120.1083,14.8197]],[[120.1111,14.8218],[120.1119,14.8226]],[[120.112,14.8232],[120.1112,14.8228],[120.111,14.822]],[[120.1119,14.8226],[120.112,14.8232]],[[120.1112,14.8209],[120.1119,14.8226]],[[120.1517,14.8522],[120.1497,14.8497],[120.1486,14.849],[120.1473,14.8487],[120.1455,14.8474],[120.1448,14.8459],[120.1434,14.8446],[120.1425,14.8446],[120.1397,14.8434]],[[120.1397,14.8434],[120.139,14.8436]],[[120.129,14.8583],[120.1286,14.8579]],[[120.1295,14.8585],[120.1291,14.8583],[120.1281,14.8583],[120.1268,14.8587]],[[120.1295,14.8585],[120.13,14.8571],[120.1289,14.854]],[[120.1289,14.854],[120.1287,14.8551],[120.1266,14.8559],[120.1258,14.8565],[120.1259,14.8574],[120.1268,14.8587]],[[120.139,14.8436],[120.1374,14.844],[120.1364,14.845],[120.1342,14.8453],[120.133,14.8463],[120.1328,14.847],[120.1313,14.848],[120.1299,14.8495],[120.1291,14.8521],[120.1291,14.8528],[120.1287,14.8534],[120.1289,14.854]],[[120.1567,14.857],[120.1558,14.8563],[120.1553,14.8554],[120.153,14.8538],[120.1527,14.8529]],[[120.1448,14.8219],[120.144,14.8224],[120.1428,14.8236],[120.1415,14.8236],[120.1412,14.8241],[120.1403,14.8241],[120.1379,14.827],[120.1364,14.8268],[120.1354,14.8278],[120.1342,14.8284],[120.1332,14.8285],[120.1324,14.8283],[120.132,14.8286],[120.1312,14.8283],[120.129,14.8289],[120.1285,14.8288],[120.128,14.8292],[120.1258,14.8295],[120.1238,14.8288],[120.1221,14.8293]],[[120.1069,14.8973],[120.1082,14.8944],[120.1084,14.8931],[120.1098,14.8915]],[[120.1098,14.8915],[120.1103,14.8906],[120.1098,14.8878],[120.1103,14.8836],[120.1112,14.8819],[120.1117,14.88],[120.1111,14.8784]],[[120.1111,14.8784],[120.1132,14.8771],[120.1171,14.8759]],[[120.1264,14.8603],[120.1264,14.859],[120.1268,14.8587]],[[120.1171,14.8759],[120.1197,14.8732],[120.1202,14.8722],[120.1214,14.8707],[120.1217,14.8698],[120.1224,14.8694],[120.1236,14.8682],[120.1258,14.8672],[120.1261,14.8657],[120.126,14.865],[120.1266,14.8626],[120.1264,14.8603]],[[120.1171,14.8759],[120.1181,14.8785],[120.1229,14.882],[120.1236,14.8821],