{"route":[[120.77526,14.08531],[120.7757,14.08447],[120.77664,14.08409],[120.77688,14.08268],[120.77687,14.08146],[120.77589,14.0801],[120.777,14.07941],[120.7777,14.07833],[120.77907,14.07825],[120.78031,14.07794],[120.7812,14.07707],[120.78049,14.07545],[120.77971,14.07495],[120.78067,14.07419],[120.7818,14.07361],[120.78307,14.07371],[120.78391,14.07298],[120.78341,14.07192],[120.78378,14.07083],[120.7845,14.07006],[120.78571,14.07008],[120.78599,14.06898],[120.78762,14.06854],[120.78894,14.06878],[120.79,14.0684],[120.7901,14.06705],[120.78991,14.0658],[120.79026,14.06452],[120.78991,14.06346],[120.78982,14.06218],[120.78948,14.06122],[120.78917,14.06013],[120.78866,14.05869],[120.78931,14.05751],[120.78927,14.0564],[120.78812,14.05587],[120.7876,14.0548],[120.78788,14.0536],[120.78768,14.05224],[120.78715,14.05151],[120.7884,14.05108],[120.79,14.05083],[120.79017,14.04934],[120.79118,14.04867],[120.79147,14.04725],[120.79256,14.04602],[120.79368,14.0464],[120.79477,14.04679],[120.79591,14.04677],[120.79704,14.04665],[120.79747,14.04527],[120.79771,14.04355],[120.79912,14.04384],[120.79943,14.04489],[120.80062,14.04515],[120.80142,14.04486],[120.80234,14.0455],[120.80231,14.04463],[120.80164,14.04354],[120.8016,14.04254],[120.80127,14.04158],[120.8014,14.04088]],"ele":[257,249,245,258,244,223,151,192,234,238,263,243,231,232,252,258,272,286,296,331,339,386,395,381,404,424,468,462,503,505,520,544,575,542,563,511,495,509,583,538,583,579,596,632,573,537,524,518,512,521,529,566,569,555,567,605,661,658,626,676,711,711],"dist_km":9.3,"ascent_m":677,"net":[[[120.8069,14.0514],[120.8059,14.0504],[120.8048,14.0483]],[[120.8028,14.0406],[120.8036,14.0411],[120.805,14.0406],[120.8058,14.041],[120.8066,14.0431],[120.8079,14.0441],[120.8076,14.0442],[120.8082,14.045],[120.8071,14.0453],[120.806,14.0461],[120.8062,14.0464],[120.8067,14.0464],[120.8068,14.0472],[120.8073,14.0475],[120.8066,14.0477],[120.8075,14.0484],[120.8073,14.0489],[120.8066,14.0489],[120.8074,14.0496],[120.8066,14.0505],[120.8069,14.0514]],[[120.829,14.0311],[120.8293,14.0326],[120.8304,14.0347],[120.8307,14.0368],[120.8319,14.0385],[120.8324,14.0398],[120.8323,14.041],[120.8325,14.0414],[120.8333,14.0418]],[[120.8048,14.0483],[120.8046,14.0475],[120.8038,14.047],[120.8036,14.0462],[120.8023,14.0451],[120.8016,14.0435],[120.8018,14.0431],[120.8015,14.0429],[120.8016,14.0421],[120.8012,14.0414],[120.8014,14.0407],[120.8023,14.0399]],[[120.8023,14.0399],[120.8023,14.0399]],[[120.8028,14.0406],[120.8024,14.0402]],[[120.8068,14.0473],[120.8068,14.0476]],[[120.8066,14.0477],[120.8069,14.0483],[120.8065,14.0486],[120.8066,14.0489]],[[120.8024,14.0402],[120.8023,14.0399]],[[120.8129,14.0529],[120.8112,14.0528],[120.8104,14.0522],[120.8079,14.052],[120.8069,14.0514]],[[120.8095,14.0521],[120.8097,14.052]],[[120.8012,14.0413],[120.8011,14.0413]],[[120.8072,14.0436],[120.8071,14.0436]],[[120.807,14.0434],[120.8068,14.0434]],[[120.8059,14.0413],[120.806,14.0413]],[[120.8028,14.0456],[120.8028,14.0456]],[[120.8032,14.0459],[120.8029,14.0457]],[[120.8027,14.0454],[120.802,14.0445]],[[120.8017,14.0433],[120.8016,14.0433]],[[120.8079,14.0441],[120.8079,14.044]],[[120.7925,14.0101],[120.7945,14.0112],[120.7963,14.0115],[120.7997,14.0117],[120.8015,14.0126],[120.8028,14.014],[120.8046,14.0141],[120.8046,14.0163],[120.8041,14.017],[120.8038,14.0179],[120.8042,14.0196]],[[120.791,14.0489],[120.7915,14.0472],[120.7923,14.0467],[120.7926,14.046],[120.7931,14.0463],[120.7942,14.0463],[120.7952,14.0469],[120.797,14.0466],[120.7977,14.0435],[120.7991,14.0438],[120.7991,14.0443],[120.7998,14.0452],[120.8006,14.0452],[120.8009,14.0447],[120.8025,14.0457],[120.8028,14.0456]],[[120.791,14.0489],[120.7902,14.0493],[120.79,14.0508],[120.7875,14.0513],[120.787,14.0518],[120.7877,14.0522],[120.7879,14.0529],[120.7874,14.0546],[120.7879,14.0556],[120.7895,14.0567],[120.7887,14.0587],[120.7892,14.0606],[120.7899,14.0615],[120.7899,14.0637],[120.7907,14.0653],[120.7899,14.0658],[120.7899,14.0686],[120.7889,14.0688],[120.7885,14.0683],[120.788,14.0684],[120.7866,14.069],[120.786,14.069],[120.7857,14.0701],[120.7839,14.0702],[120.7838,14.0708],[120.783,14.0714],[120.7834,14.0719],[120.7841,14.0721],[120.7835,14.0735],[120.7831,14.0737],[120.7821,14.0735],[120.781,14.074]],[[120.7996,14.0655],[120.8001,14.0661],[120.8002,14.0679],[120.7995,14.0696],[120.7998,14.0734],[120.7991,14.0742],[120.7991,14.0749],[120.7982,14.0771],[120.798,14.0792],[120.7983,14.0803],[120.7993,14.0803],[120.7994,14.0807],[120.7993,14.0811],[120.7979,14.0816],[120.7976,14.0823]],[[120.8039,14.0471],[120.8027,14.0493],[120.8015,14.0495],[120.8009,14.05],[120.8007,14.0532],[120.8012,14.0536],[120.8009,14.0541],[120.8012,14.0551],[120.8011,14.0561],[120.8003,14.0576],[120.7998,14.0579],[120.7994,14.0593],[120.7991,14.0596],[120.7994,14.0605],[120.7988,14.0608],[120.7983,14.0607],[120.798,14.061],[120.7982,14.0622],[120.7993,14.0642],[120.7996,14.0655]],[[120.7976,14.0823],[120.7976,14.0825]],[[120.7978,14.0827],[120.7935,14.0842],[120.7895,14.0846],[120.7889,14.0861],[120.7876,14.086],[120.7874,14.0867],[120.7857,14.0869],[120.7848,14.088],[120.7813,14.0881],[120.7778,14.087],[120.7768,14.0873],[120.7764,14.0871]],[[120.7976,14.0825],[120.7978,14.083],[120.7973,14.0848],[120.7971,14.0865]],[[120.8028,14.0456],[120.8028,14.0457]],[[120.781,14.074],[120.7804,14.0749],[120.7796,14.0751],[120.7805,14.0754],[120.7811,14.0766],[120.7811,14.0776],[120.7806,14.0779],[120.7798,14.0778],[120.7791,14.0782],[120.7777,14.0783],[120.7776,14.0791],[120.777,14.0794],[120.7766,14.0801],[120.7759,14.0801],[120.7769,14.0815],[120.7769,14.0824],[120.7764,14.0837],[120.7766,14.0841],[120.7764,14.0845],[120.7757,14.0845],[120.7756,14.0851],[120.7753,14.0853]],[[120.782,14.0275],[120.7813,14.0265],[120.7816,14.0253]],[[120.7837,14.0257],[120.7842,14.0265],[120.7841,14.0272],[120.7835,14.0278],[120.7841,14.0285],[120.7847,14.0311],[120.7857,14.0316],[120.7862,14.0328],[120.7901,14.032],[120.791,14.0338],[120.7928,14.0342],[120.7947,14.0352],[120.7951,14.037],[120.7952,14.0382],[120.7959,14.0396],[120.7972,14.0396],[120.7991,14.039],[120.7994,14.0396],[120.8001,14.04],[120.8006,14.0399],[120.8014,14.0407]],[[120.831,14.0371],[120.8302,14.0362],[120.8303,14.0348],[120.8289,14.0327],[120.8279,14.0299],[120.8272,14.0303]],[[120.8272,14.0303],[120.8268,14.0305]],[[120.8299,14.0573],[120.8302,14.0557],[120.8308,14.0546],[120.8308,14.0533],[120.8315,14.0524]],[[120.8114,14.0528],[120.8129,14.0556],[120.8135,14.056],[120.8134,14.057],[120.8146,14.0597],[120.8157,14.0605],[120.816,14.0617],[120.8158,14.0626],[120.8165,14.0636],[120.817,14.0638],[120.8178,14.0648],[120.8189,14.0677],[120.8199,14.0692]],[[120.8438,14.0567],[120.8439,14.0557],[120.8448,14.0556],[120.8471,14.0563]],[[120.7835,14.0024],[120.7838,14.0047]],[[120.7844,14.0133],[120.7847,14.0114]],[[120.7848,14.0111],[120.7857,14.0116],[120.7858,14.0123],[120.7871,14.0124],[120.7872,14.0139]],[[120.7848,14.0111],[120.7844,14.009],[120.7814,14.009]],[[120.7848,14.0111],[120.7847,14.0114]],[[120.7814,14.009],[120.7813,14.0087]],[[120.7814,14.009],[120.7814,14.0096]],[[120.7784,14.0065],[120.7783,14.0081],[120.7812,14.0084],[120.7813,14.0087]],[[120.7774,14.0033],[120.7772,14.0021],[120.7723,14.0019]],[[120.8042,14.0196],[120.8046,14.021],[120.8057,14.0199],[120.8066,14.0215],[120.8075,14.0208],[120.8076,14.0203],[120.8081,14.0201],[120.8087,14.0203],[120.8096,14.0225],[120.8096,14.0229]],[[120.8237,14.0508],[120.8233,14.0504],[120.8233,14.0499],[120.8226,14.0501]],[[120.7691,14.0317],[120.7687,14.0333],[120.7698,14.0339]],[[120.8409,14.0544],[120.8425,14.0549]],[[120.7977,14.0435],[120.7961,14.0433],[120.7946,14.0435],[120.7943,14.0428]],[[120.7663,14.0636],[120.7668,14.0633],[120.7678,14.0635],[120.7688,14.0644],[120.77,14.0649]],[[120.8439,14.0557],[120.8417,14.0562],[120.8409,14.0552],[120.8409,14.0549],[120.8414,14.0547]],[[120.8426,14.0404],[120.8425,14.0395]],[[120.8281,14.0213],[120.8279,14.0217],[120.8271,14.0218]],