{"route":[[120.12215,14.82931],[120.12383,14.8288],[120.12582,14.82951],[120.12734,14.82916],[120.12855,14.82885],[120.12966,14.82866],[120.13116,14.82829],[120.13237,14.82832],[120.13416,14.82841],[120.1354,14.82783],[120.1362,14.82693],[120.13768,14.82709],[120.1386,14.82642],[120.13915,14.82545],[120.13993,14.82465],[120.14118,14.82413],[120.14281,14.82363],[120.14397,14.82237],[120.14442,14.82077],[120.14434,14.81956],[120.14396,14.81857],[120.1447,14.81757],[120.14451,14.81642],[120.14479,14.81504],[120.14495,14.81384],[120.14556,14.81195],[120.1456,14.81085],[120.14594,14.80984],[120.14555,14.80874],[120.14453,14.80755],[120.14446,14.80608],[120.14523,14.80513],[120.14703,14.80484],[120.14818,14.80466],[120.14928,14.8052],[120.15057,14.80552],[120.15167,14.80525],[120.15291,14.80514],[120.15406,14.80506],[120.15463,14.80428],[120.15457,14.80302],[120.1556,14.80373],[120.15657,14.80354],[120.15726,14.80274],[120.15836,14.8022],[120.15949,14.80181],[120.16021,14.8009],[120.16142,14.7999],[120.16227,14.79906],[120.16244,14.79879]],"ele":[25,31,60,69,74,83,103,112,169,191,218,257,274,289,288,316,349,344,382,402,442,457,453,476,514,565,594,656,676,696,752,731,692,692,640,630,628,623,636,650,628,653,673,665,669,667,694,730,747,747],"dist_km":7.5,"ascent_m":820,"net":[[[120.1583,14.8528],[120.1581,14.8489],[120.1587,14.8456],[120.1583,14.8448],[120.1581,14.8428],[120.1569,14.8409],[120.1569,14.8392],[120.1563,14.8386],[120.1559,14.8374],[120.1559,14.8363],[120.1554,14.835],[120.1562,14.8328],[120.1562,14.8319]],[[120.1709,14.7481],[120.171,14.752],[120.1701,14.7531],[120.1697,14.7546],[120.1699,14.7549]],[[120.1562,14.8319],[120.1565,14.829],[120.156,14.8277],[120.156,14.8263],[120.1565,14.8254],[120.1556,14.8242],[120.1557,14.8229],[120.1573,14.8187]],[[120.1624,14.7988],[120.1611,14.8006],[120.1598,14.8012],[120.1595,14.8018],[120.1589,14.8021],[120.1577,14.8024],[120.1564,14.8038]],[[120.1546,14.803],[120.1537,14.8012],[120.1526,14.7997],[120.1518,14.7992],[120.1514,14.7974],[120.1486,14.7942],[120.1474,14.7935],[120.1468,14.7935],[120.1451,14.7914],[120.1427,14.7909],[120.1417,14.7912],[120.1405,14.7897],[120.1391,14.7887],[120.1387,14.7878],[120.1378,14.7876],[120.1359,14.7861],[120.135,14.7849],[120.133,14.7839]],[[120.2014,14.8134],[120.2013,14.8128],[120.2017,14.8124],[120.2032,14.8126],[120.2055,14.812],[120.2064,14.8108],[120.207,14.8086],[120.2069,14.8082],[120.2064,14.8079],[120.2079,14.8076],[120.2079,14.8074],[120.2071,14.8068]],[[120.204,14.8123],[120.2033,14.8119],[120.2051,14.8117],[120.2055,14.8107],[120.206,14.8101],[120.2064,14.8085],[120.2054,14.8085],[120.2053,14.8082],[120.206,14.808],[120.2061,14.8076],[120.2068,14.8075],[120.2066,14.807],[120.2071,14.8068]],[[120.1299,14.777],[120.1297,14.7784],[120.1299,14.7792],[120.1313,14.781],[120.1328,14.7823],[120.1332,14.7832],[120.133,14.7839]],[[120.13,14.7768],[120.1294,14.7765]],[[120.1282,14.7763],[120.1287,14.776],[120.1295,14.7763]],[[120.1294,14.7765],[120.1295,14.7763]],[[120.1294,14.7765],[120.1288,14.7766]],[[120.1288,14.7766],[120.1285,14.7774],[120.1287,14.7781]],[[120.1287,14.7781],[120.13,14.7768]],[[120.133,14.7839],[120.1311,14.7834],[120.1295,14.7826]],[[120.1274,14.7801],[120.1295,14.7826]],[[120.1252,14.779],[120.1261,14.7792],[120.1274,14.7801]],[[120.128,14.7774],[120.127,14.7774],[120.1278,14.7786],[120.1272,14.7793],[120.1274,14.7801]],[[120.1295,14.7826],[120.1287,14.7796]],[[120.1543,14.8052],[120.1546,14.8043],[120.1546,14.803]],[[120.1287,14.7796],[120.1281,14.7769]],[[120.1281,14.7769],[120.1278,14.7765],[120.1282,14.7763]],[[120.1283,14.7768],[120.1281,14.7769]],[[120.1288,14.7766],[120.1283,14.7768]],[[120.1287,14.7781],[120.1291,14.7786],[120.1287,14.7796]],[[120.1311,14.7767],[120.131,14.7768]],[[120.131,14.7768],[120.13,14.7768]],[[120.1323,14.7734],[120.1324,14.773]],[[120.1325,14.7756],[120.1328,14.7759]],[[120.1328,14.7759],[120.1323,14.7771],[120.1319,14.7773],[120.1321,14.7785],[120.1325,14.7787],[120.1322,14.7791]],[[120.1323,14.7734],[120.133,14.775],[120.1328,14.7759]],[[120.1295,14.7763],[120.1309,14.7758],[120.1323,14.7734]],[[120.1541,14.8051],[120.1541,14.8049]],[[120.1541,14.8051],[120.1543,14.8052]],[[120.1648,14.829],[120.1645,14.8297],[120.1651,14.8304]],[[120.1645,14.8298],[120.1639,14.8302]],[[120.1651,14.8304],[120.1648,14.829]],[[120.1554,14.8067],[120.1543,14.8052]],[[120.1446,14.8159],[120.1433,14.8151],[120.1429,14.8139],[120.1397,14.8094],[120.1386,14.8088],[120.1379,14.808],[120.1375,14.8064]],[[120.1448,14.8052],[120.1445,14.8061],[120.1445,14.8076],[120.146,14.8095],[120.146,14.8104],[120.1454,14.8114],[120.1456,14.812],[120.145,14.8129],[120.1446,14.8159]],[[120.1448,14.8052],[120.1482,14.8047],[120.1509,14.8057],[120.1526,14.8051],[120.1534,14.8054],[120.1541,14.8051]],[[120.1376,14.8065],[120.1383,14.8058],[120.1407,14.8062],[120.1432,14.8061],[120.1441,14.8052],[120.1448,14.8052]],[[120.1437,14.8153],[120.1437,14.816],[120.144,14.8162]],[[120.1448,14.8219],[120.1444,14.8208],[120.1445,14.8202],[120.144,14.8187],[120.1449,14.8172],[120.1446,14.8159]],[[120.1448,14.8219],[120.1443,14.824],[120.1444,14.8251],[120.1438,14.8264],[120.1439,14.8269],[120.1428,14.8276],[120.1428,14.8283],[120.1435,14.8292],[120.1437,14.8304],[120.1436,14.8323],[120.144,14.8333],[120.1439,14.8352],[120.1434,14.8359]],[[120.1651,14.8304],[120.1661,14.832],[120.1666,14.8339],[120.1674,14.8344],[120.1679,14.8357],[120.1667,14.8391],[120.1668,14.8402],[120.1656,14.8441],[120.1647,14.8448],[120.1646,14.8458],[120.1636,14.8476],[120.163,14.8479],[120.1626,14.8487],[120.1613,14.8494],[120.1583,14.8528]],[[120.1562,14.8319],[120.1555,14.8314],[120.1555,14.8307],[120.1549,14.83],[120.1543,14.8306],[120.1534,14.8304],[120.1528,14.8289],[120.1522,14.8284],[120.1518,14.8284],[120.1518,14.8278],[120.1508,14.8276],[120.1502,14.8271],[120.1501,14.8263],[120.1491,14.8262],[120.1483,14.8254],[120.147,14.8248],[120.1465,14.8236],[120.1458,14.8235],[120.1448,14.8219]],[[120.1573,14.8187],[120.1582,14.8189],[120.1598,14.8187],[120.1616,14.8191],[120.1626,14.8199],[120.1627,14.8204],[120.1634,14.821],[120.1645,14.8217],[120.1655,14.8217],[120.1663,14.8232],[120.1664,14.8252],[120.1662,14.8265],[120.1657,14.8272],[120.1654,14.8284],[120.1648,14.829]],[[120.1573,14.8187],[120.1573,14.8173],[120.156,14.8166],[120.1552,14.8148],[120.1562,14.8121],[120.1557,14.8102],[120.1558,14.8088],[120.1554,14.8067]],[[120.1564,14.8038],[120.1554,14.8067]],[[120.1546,14.803],[120.1555,14.8037],[120.1564,14.8038]],[[120.191,14.8115],[120.1907,14.8103],[120.1914,14.8097],[120.1913,14.809],[120.193,14.8083],[120.1929,14.8078],[120.1937,14.8072],[120.1935,14.8068],[120.1939,14.8069],[120.1941,14.8065]],[[120.1448,14.8219],[120.144,14.8224],[120.1428,14.8236],[120.1415,14.8236],[120.1412,14.8241],[120.1403,14.8241],[120.1379,14.827],[120.1364,14.8268],[120.1354,14.8278],[120.1342,14.8284],[120.1332,14.8285],[120.1324,14.8283],[120.132,14.8286],[120.1312,14.8283],[120.129,14.8289],[120.1285,14.8288],[120.128,14.8292],[120.1258,14.8295],[120.1238,14.8288],[120.1221,14.8293]]],"src":"OpenStreetMap"}