{"route":[[121.40849,14.07045],[121.40811,14.06937],[121.40699,14.06896],[121.40757,14.06804],[121.40854,14.06739],[121.40929,14.06638],[121.40953,14.06531],[121.41032,14.0646],[121.41126,14.06387],[121.41255,14.06426],[121.41407,14.06426],[121.41549,14.0646],[121.41669,14.06477],[121.41841,14.06383],[121.41974,14.06351],[121.42077,14.06308],[121.42208,14.06257],[121.42298,14.06222],[121.42414,14.0625],[121.42572,14.06296],[121.42692,14.06274],[121.42782,14.06345],[121.42812,14.06345]],"ele":[635,621,624,648,673,704,732,769,794,842,873,975,1060,1194,1245,1309,1416,1463,1426,1440,1416,1464,1464],"dist_km":3.2,"ascent_m":853,"net":[[[121.4248,14.0629],[121.4237,14.0622],[121.423,14.0622],[121.4228,14.0626],[121.4221,14.0626],[121.4197,14.0635],[121.4185,14.0637],[121.4167,14.0648],[121.415,14.0647],[121.4141,14.0643],[121.4126,14.0643],[121.4117,14.0638],[121.4109,14.0638],[121.4095,14.0653],[121.4089,14.067],[121.4076,14.068],[121.407,14.0689],[121.4081,14.0694],[121.4081,14.0699],[121.4085,14.0704]],[[121.4492,14.0581],[121.4481,14.0583]],[[121.4503,14.0613],[121.4513,14.0616],[121.4525,14.0617],[121.4554,14.0591],[121.4557,14.0589],[121.4559,14.0595],[121.4563,14.0595]],[[121.4075,14.0721],[121.4083,14.0719],[121.4094,14.0724],[121.41,14.0734],[121.4101,14.0747]],[[121.4265,14.0629],[121.4263,14.0628]],[[121.4273,14.0629],[121.4248,14.0629]],[[121.4314,14.0607],[121.4306,14.0617],[121.4297,14.0617],[121.4283,14.0633],[121.4276,14.0633],[121.4273,14.0629]],[[121.437,14.0552],[121.4377,14.0553],[121.4377,14.0557],[121.4374,14.0564],[121.4369,14.0566],[121.4367,14.0574],[121.4337,14.0593],[121.4321,14.0596],[121.4314,14.0607]],[[121.4248,14.0629],[121.4256,14.0643],[121.4266,14.0644]],[[121.4467,14.0423],[121.4481,14.0427],[121.4495,14.044],[121.4516,14.0443],[121.4525,14.0447],[121.4521,14.0451],[121.4526,14.0448],[121.4538,14.0452],[121.455,14.0464],[121.4551,14.0468],[121.4557,14.0469],[121.4564,14.0475],[121.4565,14.0472],[121.4577,14.0479],[121.458,14.049],[121.4585,14.0493],[121.4593,14.0494],[121.4604,14.0488],[121.4608,14.0489],[121.461,14.0486],[121.4622,14.0493],[121.4624,14.05],[121.4633,14.0509],[121.4645,14.0514],[121.4653,14.0513],[121.4668,14.0521],[121.4704,14.0518],[121.4716,14.0522],[121.4757,14.0541],[121.4792,14.0554],[121.4793,14.0566]],[[121.4256,14.0643],[121.4264,14.0653]],[[121.4503,14.0944],[121.4514,14.0952],[121.452,14.0947]],[[121.4313,14.0322],[121.4315,14.0317],[121.4328,14.0314],[121.4332,14.031],[121.4341,14.0312],[121.4356,14.0325],[121.4362,14.0339],[121.4369,14.0344],[121.4369,14.0349],[121.438,14.0361],[121.438,14.0371]],[[121.4501,14.0662],[121.4503,14.0675],[121.4476,14.0687],[121.4475,14.0691],[121.448,14.0742]],[[121.408,14.0755],[121.4078,14.0748],[121.408,14.0749],[121.4079,14.0744],[121.4083,14.0745],[121.4071,14.0731],[121.4075,14.0727]],[[121.4283,14.038],[121.4283,14.0385]],[[121.4186,14.08],[121.4181,14.0813],[121.4175,14.0812]]],"src":"OpenStreetMap"}