{"route":[[121.45729,14.62906],[121.45737,14.62766],[121.45785,14.62658],[121.45708,14.6255],[121.45605,14.62538],[121.45637,14.62366],[121.45498,14.62311],[121.45541,14.62243],[121.4557,14.62148],[121.45667,14.62215],[121.45704,14.62094],[121.45614,14.62042],[121.45503,14.61997],[121.45587,14.61915],[121.45673,14.6182],[121.45631,14.61815],[121.4553,14.61782],[121.45543,14.617],[121.45547,14.61587],[121.45481,14.61472],[121.45527,14.61379],[121.45624,14.61349],[121.45649,14.61253],[121.4566,14.61133],[121.45563,14.61086],[121.45466,14.61017],[121.45419,14.60989],[121.45384,14.60882],[121.45255,14.60876],[121.45115,14.60824],[121.45078,14.60716],[121.44977,14.60613],[121.44915,14.60497],[121.44805,14.60452],[121.44806,14.60277],[121.448,14.60045],[121.44678,14.60062],[121.44597,14.60135],[121.44487,14.60217],[121.44421,14.60318],[121.4427,14.60476],[121.44282,14.60602],[121.44235,14.60733],[121.44214,14.60841],[121.44086,14.6088],[121.43956,14.60856],[121.43816,14.60801],[121.43708,14.60852],[121.43735,14.6099],[121.43748,14.61105],[121.43808,14.61187],[121.43832,14.61277],[121.43881,14.61326]],"ele":[185,210,180,160,165,199,250,216,251,215,247,271,280,279,275,276,281,249,247,218,202,209,235,272,262,309,298,278,287,295,256,224,196,242,228,200,190,174,137,147,161,220,242,320,371,464,494,461,468,483,556,624,624],"dist_km":8.0,"ascent_m":689,"net":[[[121.4333,14.6003],[121.4322,14.5995],[121.4308,14.5978]],[[121.4326,14.601],[121.4333,14.6003],[121.4357,14.6014],[121.4378,14.6012]],[[121.4261,14.6067],[121.4251,14.6091],[121.424,14.6098]],[[121.4298,14.6074],[121.4299,14.6086],[121.4293,14.6099],[121.4296,14.611],[121.4292,14.6125]],[[121.4514,14.6053],[121.4515,14.6055],[121.4524,14.6056],[121.4519,14.6065],[121.45,14.6062],[121.4491,14.605],[121.4483,14.6049],[121.4481,14.6045]],[[121.4378,14.6012],[121.4384,14.6013],[121.4383,14.6033],[121.4389,14.6037],[121.4392,14.6046],[121.4399,14.6051],[121.4407,14.6051]],[[121.4156,14.6173],[121.4171,14.6181],[121.4173,14.6198],[121.4193,14.6235],[121.4185,14.6253],[121.416,14.6271],[121.4155,14.6271],[121.4153,14.6267]],[[121.423,14.5811],[121.4227,14.5816],[121.4233,14.5818],[121.4229,14.5826],[121.4237,14.5835],[121.4229,14.5837],[121.4226,14.5844],[121.4226,14.5849],[121.4222,14.5852]],[[121.423,14.5811],[121.4228,14.5808],[121.4224,14.5814]],[[121.4288,14.5982],[121.4272,14.5983]],[[121.4285,14.6056],[121.428,14.6051]],[[121.4263,14.6065],[121.426,14.608],[121.4252,14.6089]],[[121.4253,14.6043],[121.4256,14.6034],[121.426,14.6034]],[[121.4274,14.5959],[121.4265,14.5971]],[[121.4407,14.6051],[121.4427,14.6048],[121.4442,14.6032],[121.445,14.6018],[121.4443,14.6009],[121.4444,14.6004]],[[121.4308,14.5978],[121.429,14.5967],[121.4278,14.5965]],[[121.4376,14.5661],[121.4366,14.5669],[121.4363,14.5676],[121.4356,14.5677],[121.4353,14.5689],[121.4347,14.5688],[121.4342,14.569]],[[121.4353,14.5741],[121.4357,14.5736],[121.4371,14.5726],[121.4377,14.5713],[121.4373,14.5695],[121.4374,14.5681],[121.4383,14.5664]],[[121.4353,14.5741],[121.4367,14.5759],[121.4372,14.5761]],[[121.4372,14.5761],[121.4381,14.5807]],[[121.422,14.5692],[121.4231,14.57],[121.4235,14.571],[121.425,14.5727],[121.4254,14.5729],[121.4258,14.5726],[121.4265,14.5725],[121.4293,14.5756],[121.4308,14.5757],[121.4311,14.5764],[121.4323,14.576],[121.4339,14.5743],[121.4353,14.5741]],[[121.4118,14.6175],[121.4124,14.617],[121.4128,14.6142]],[[121.4147,14.6178],[121.4156,14.6173]],[[121.4177,14.6253],[121.4188,14.6249]],[[121.4277,14.5956],[121.4276,14.5956]],[[121.4183,14.6255],[121.4183,14.6254]],[[121.4519,14.6083],[121.4523,14.6082],[121.4524,14.6067],[121.452,14.6064]],[[121.4508,14.6063],[121.4511,14.6068],[121.4506,14.6075],[121.4507,14.608],[121.4526,14.6088],[121.4538,14.6088],[121.4541,14.6099],[121.4545,14.6095],[121.4547,14.6098],[121.4548,14.6106],[121.4556,14.6109],[121.4567,14.6107]],[[121.4144,14.6326],[121.4154,14.6327],[121.4157,14.6336]],[[121.4131,14.6331],[121.4132,14.6328],[121.4144,14.6326]],[[121.4129,14.6336],[121.4131,14.6331],[121.4134,14.633]],[[121.4144,14.6326],[121.4144,14.6326]],[[121.4144,14.632],[121.4144,14.6326]],[[121.4144,14.6316],[121.4144,14.632]],[[121.4155,14.6279],[121.4155,14.6278]],[[121.4155,14.6278],[121.4159,14.6271]],[[121.4154,14.628],[121.4155,14.6279]],[[121.4137,14.6316],[121.4151,14.6315],[121.4151,14.6312],[121.4157,14.6308],[121.4148,14.6292],[121.4154,14.6285],[121.4154,14.628]],[[121.4748,14.6297],[121.4748,14.628],[121.4753,14.6277],[121.475,14.6274]],[[121.4742,14.6301],[121.4758,14.6292]],[[121.4833,14.5579],[121.4823,14.558],[121.4816,14.5573],[121.4804,14.5577],[121.4795,14.5573],[121.479,14.5579],[121.4791,14.5589],[121.4786,14.5607],[121.4789,14.5617],[121.4786,14.5624],[121.4782,14.5625],[121.4773,14.5619],[121.4771,14.5627],[121.4761,14.5627],[121.475,14.5634],[121.4745,14.5651],[121.4739,14.5657],[121.4747,14.5674],[121.4747,14.5681],[121.4741,14.5692],[121.4732,14.5696],[121.4724,14.5696],[121.4722,14.5705],[121.4733,14.5722],[121.4726,14.5741],[121.473,14.5765],[121.4726,14.5776],[121.473,14.5782],[121.4734,14.5827],[121.4722,14.5832],[121.4718,14.5838]],[[121.4287,14.6045],[121.429,14.6049]],[[121.3981,14.6196],[121.3992,14.6191],[121.4011,14.6195],[121.4017,14.62],[121.4018,14.6207]],[[121.416,14.6273],[121.4152,14.6273],[121.4147,14.6266]],[[121.416,14.6271],[121.416,14.6273]],[[121.4136,14.6046],[121.4145,14.6049],[121.4164,14.6042]],[[121.4383,14.6078],[121.439,14.6077]],[[121.4387,14.6123],[121.4397,14.6116],[121.4395,14.6113],[121.4399,14.6111],[121.4397,14.6104],[121.4386,14.6095],[121.4389,14.6078],[121.44,14.6088],[121.4418,14.6088],[121.4425,14.6082],[121.4424,14.6073],[121.4428,14.6065],[121.4427,14.6048]],[[121.4377,14.608],[121.4381,14.6081],[121.4389,14.6078],[121.4392,14.6074]],[[121.4378,14.6075],[121.4377,14.608]],[[121.4377,14.608],[121.4371,14.6085]],[[121.4349,14.6073],[121.4353,14.6073],[121.4361,14.6066],[121.4368,14.6065],[121.4383,14.608]],[[121.4388,14.6133],[121.438,14.6126],[121.4382,14.6121],[121.4373,14.6105],[121.437,14.6084],[121.4364,14.6089],[121.4348,14.6075],[121.4349,14.6073],[121.4341,14.6071]],[[121.4341,14.6071],[121.4332,14.6071],[121.4319,14.6063],[121.431,14.6063],[121.4306,14.6052]],[[121.4314,14.6136],[121.4298,14.6127],[121.4294,14.6122]],[[121.4262,14.607],[121.4259,14.607]],[[121.4268,14.6001],[121.4269,14.5996],[121.4273,14.5997]],[[121.4236,14.6089],[121.4242,14.6085],[121.4254,14.6085]],[[121.4211,14.6086],[121.4221,14.6095],[121.4229,14.6094],[121.4236,14.6089]],[[121.4183,14.6055],[121.4198,14.6058],[121.4215,14.6051],[121.4219,14.6053],[121.422,14.6069],[121.4236,14.6089]],[[121.4255,14.6059],[121.4253,14.6068],[121.4259,14.6068]],[[121.4258,14.6047],[121.4265,14.6035]],[[121.4495,14.6075],[121.4496,14.6064],[121.4499,14.6062]],[[121.4481,14.6045],[121.448,14.6052],[121.449,14.606],[121.4494,14.6076],[121.4498,14.6073],[121.4506,14.6076]],[[121.4481,14.6045],[121.448,14.6005],[121.4478,14.6002],[121.4474,14.6002],[121.4465,14.6012],[121.4449,14.6022]],[[121.4573,14.6291],[121.4579,14.6287],[121.4574,14.6277],[121.4578,14.6262],[121.4571,14.6255],[121.4561,14.6256],[121.4564,14.6237],[121.455,14.6231],[121.4547,14.6225],[121.4554,14.6224],[121.4555,14.6215],[121.4567,14.6221],[121.4567,14.6212],[121.457,14.6209],[121.4557,14.62],[121.455,14.6199],[121.4571,14.6178],[121.4563,14.6182],[121.4555,14.6178],[121.4551,14.6181],[121.4549,14.6177],[121.4557,14.6166],[121.4554,14.6153],[121.4548,14.6147],[121.4548,14.6142],[121.4553,14.6138],[121.4559,14.6142],[121.4562,14.614],[121.4566,14.6116],[121.4563,14.6108]],[[121.4557,14.5629],[121.4581,14.5642],[121.4616,14.5653],[121.4625,14.5661],[121.4631,14.5661],[121.4619,14.5668],[121.4616,14.5674],[121.4626,14.5688],[121.4636,14.5695],[121.4653,14.5714],[121.4664,14.5717],[121.4678,14.573],[121.468,14.5736],[121.4678,14.5745],[121.4686,14.5746],[121.4693,14.5751],[121.4707,14.5748],[121.4703,14.5761],[121.4714,14.5763],[121.4711,14.5771],[121.4716,14.5781],[121.4711,14.5788],[121.4717,