{"route":[[124.93261,8.16439],[124.9323,8.16315],[124.93209,8.16193],[124.93165,8.16075],[124.93131,8.15977],[124.93064,8.15858],[124.93041,8.15757],[124.92996,8.15663],[124.92954,8.15561],[124.92904,8.15461],[124.92792,8.15436],[124.92681,8.15337],[124.92604,8.15255],[124.92587,8.15156],[124.92531,8.14994],[124.92432,8.14955],[124.92333,8.14857],[124.92259,8.14776],[124.92167,8.14667],[124.92135,8.14537],[124.92102,8.14377],[124.92053,8.14287],[124.91941,8.14209],[124.91883,8.14098],[124.91811,8.14005],[124.91709,8.13954],[124.91591,8.13932],[124.91449,8.13875],[124.91479,8.13785],[124.91531,8.13702],[124.91602,8.1362],[124.91675,8.13516],[124.91733,8.13437],[124.91903,8.1339],[124.91997,8.13286],[124.92163,8.13261],[124.92303,8.13196],[124.92396,8.13136],[124.92436,8.13042],[124.92552,8.12971],[124.92541,8.12873],[124.92541,8.12733],[124.92595,8.12513],[124.92608,8.12407],[124.92603,8.12283],[124.92651,8.1217],[124.92587,8.12092],[124.92526,8.12019],[124.92487,8.11917],[124.92458,8.11815],[124.92446,8.11723],[124.92398,8.11713]],"ele":[1741,1775,1811,1876,1912,1945,1988,2042,2066,2108,2125,2169,2208,2275,2330,2353,2392,2418,2447,2524,2608,2637,2686,2713,2780,2853,2832,2798,2802,2737,2667,2558,2528,2525,2553,2530,2547,2557,2605,2614,2591,2591,2603,2559,2529,2514,2535,2603,2635,2769,2883,2861],"dist_km":7.8,"ascent_m":1484,"net":[[[124.9167,8.1394],[124.9165,8.1424],[124.9162,8.1427],[124.9163,8.1451],[124.9166,8.1456],[124.9162,8.1456],[124.9161,8.146],[124.9172,8.147]],[[124.9246,8.1174],[124.9239,8.1173],[124.9249,8.1161],[124.9246,8.1156],[124.9251,8.1148],[124.9246,8.1134],[124.9249,8.1119],[124.924,8.1074],[124.9234,8.1069],[124.9232,8.106],[124.9241,8.1005],[124.9237,8.0999],[124.9241,8.099],[124.9237,8.0977],[124.9242,8.0972],[124.9247,8.0957],[124.9243,8.0937],[124.9246,8.0927],[124.9245,8.0915],[124.9257,8.0894],[124.9253,8.0888],[124.9255,8.0881],[124.9252,8.0874],[124.9254,8.0871],[124.9255,8.0855],[124.9261,8.0847],[124.926,8.0844],[124.927,8.0834],[124.928,8.083],[124.9281,8.0815],[124.9285,8.0807],[124.9283,8.0802],[124.9287,8.0792],[124.9279,8.0777],[124.9282,8.0743]],[[124.9167,8.1394],[124.9151,8.1392],[124.9145,8.1387],[124.9145,8.1383],[124.9149,8.1377],[124.9148,8.1374],[124.9165,8.1356],[124.9167,8.135],[124.9173,8.1344],[124.919,8.1339],[124.92,8.1329],[124.9216,8.1326],[124.923,8.132],[124.924,8.1314],[124.9242,8.1306],[124.9252,8.1302],[124.9255,8.1297],[124.9251,8.1281],[124.9254,8.1264],[124.9259,8.1251],[124.926,8.1228],[124.9265,8.1218],[124.9263,8.1211],[124.9249,8.1196],[124.9246,8.1174]],[[124.9326,8.1644],[124.9323,8.1622],[124.9318,8.1618],[124.9316,8.16],[124.9311,8.1597],[124.9305,8.158],[124.9306,8.1578],[124.9296,8.1561],[124.929,8.1546],[124.9276,8.1543],[124.9265,8.1532],[124.9259,8.1521],[124.9261,8.1511],[124.9253,8.1499],[124.9243,8.1496],[124.9229,8.1479],[124.9219,8.1473],[124.9214,8.1454],[124.921,8.1452],[124.9208,8.1432],[124.9191,8.1418],[124.9188,8.141],[124.9181,8.14],[124.9175,8.1396],[124.9167,8.1394]]],"src":"OpenStreetMap"}