{"route":[[122.51468,12.38122],[122.51507,12.38239],[122.51677,12.38417],[122.51757,12.38495],[122.51884,12.38662],[122.52088,12.38769],[122.52246,12.38815],[122.52357,12.38829],[122.52506,12.38816],[122.52626,12.38918],[122.52777,12.39024],[122.52825,12.39131],[122.52922,12.39207],[122.53006,12.39312],[122.53076,12.39498],[122.53082,12.39619],[122.5316,12.39689],[122.5323,12.39766],[122.53295,12.39863],[122.53455,12.39951],[122.5356,12.40002],[122.53644,12.40051],[122.53801,12.40108],[122.53843,12.40222],[122.539,12.40314],[122.5399,12.40374],[122.54124,12.40504],[122.54225,12.40567],[122.54334,12.40652],[122.54474,12.40669],[122.54702,12.40693],[122.54836,12.40749],[122.5493,12.40808],[122.55066,12.40818],[122.55193,12.40831],[122.55382,12.40934],[122.55484,12.41017],[122.55614,12.411],[122.55752,12.41095],[122.55828,12.41177],[122.55938,12.41183],[122.56031,12.41218],[122.56154,12.41159],[122.56278,12.41116],[122.564,12.4112],[122.5646,12.41219],[122.56456,12.41338],[122.56594,12.41362],[122.56686,12.41381],[122.56785,12.41476],[122.56856,12.4158],[122.56882,12.41639]],"ele":[9,12,14,16,18,24,31,49,67,69,95,95,90,97,73,64,66,109,128,210,279,337,477,570,608,602,631,727,844,808,836,881,922,977,1049,1097,1116,1220,1274,1224,1464,1505,1533,1643,1710,1815,1818,1880,1911,1925,2003,1957],"dist_km":8.6,"ascent_m":1996,"net":[[[122.5575,12.4295],[122.5593,12.4288],[122.5594,12.4275],[122.5603,12.4269],[122.5605,12.426],[122.5617,12.4247],[122.5628,12.4242],[122.5646,12.424],[122.5649,12.4242],[122.5655,12.4237],[122.566,12.4239],[122.5661,12.4226],[122.5673,12.4209],[122.5674,12.4197],[122.569,12.4175],[122.5689,12.4167]],[[122.5689,12.4167],[122.569,12.4167]],[[122.5147,12.3812],[122.5151,12.3824],[122.5181,12.3854],[122.5188,12.3866],[122.5196,12.3868],[122.5215,12.3879],[122.5236,12.3883],[122.5251,12.3882],[122.5266,12.3896],[122.5278,12.3902],[122.5283,12.3913],[122.5289,12.3917],[122.5301,12.3931],[122.5308,12.395],[122.5306,12.3955],[122.5308,12.3962],[122.5313,12.3968],[122.5319,12.397],[122.5327,12.3985],[122.5332,12.3986],[122.5353,12.3999],[122.5361,12.4],[122.537,12.4008],[122.538,12.4011],[122.5387,12.403],[122.5401,12.4039],[122.5424,12.406],[122.5455,12.4071],[122.547,12.4069],[122.5493,12.4081],[122.5512,12.408],[122.5538,12.4093],[122.5561,12.411],[122.5578,12.4109],[122.5582,12.4112],[122.5583,12.4118],[122.5594,12.4118],[122.5597,12.4122],[122.5623,12.4115],[122.5628,12.4112],[122.5643,12.4112],[122.5646,12.4122],[122.5646,12.4134],[122.5652,12.4139],[122.5659,12.4136],[122.5664,12.414],[122.5669,12.4138],[122.5673,12.414],[122.5685,12.4154],[122.5685,12.416],[122.5689,12.4167]],[[122.5458,12.4587],[122.5458,12.4581],[122.5463,12.4575],[122.5454,12.4571],[122.5463,12.4551],[122.5464,12.4535],[122.5473,12.4529],[122.5476,12.4523],[122.5486,12.4522],[122.5489,12.45],[122.5494,12.4494],[122.5494,12.4455],[122.5498,12.4433],[122.5493,12.4411],[122.5497,12.4403],[122.5494,12.4394],[122.5508,12.4379],[122.5509,12.4372],[122.5522,12.4366],[122.5541,12.4338],[122.5569,12.4309],[122.5572,12.4297],[122.5575,12.4295]]],"src":"OpenStreetMap"}