{"route":[[126.14284,6.76488],[126.14236,6.7637],[126.14141,6.76279],[126.14029,6.76261],[126.13999,6.76141],[126.14003,6.7603],[126.13963,6.75929],[126.14,6.75786],[126.14075,6.75679],[126.1424,6.75578],[126.14268,6.75355],[126.1425,6.75184],[126.14188,6.75074],[126.1407,6.74966],[126.14045,6.74856],[126.1406,6.74694],[126.1414,6.74625],[126.14298,6.74595],[126.14325,6.74478],[126.14424,6.74413],[126.14461,6.74357],[126.14506,6.74257],[126.14505,6.74037],[126.14576,6.73956],[126.14632,6.73904],[126.1478,6.73946],[126.1493,6.7388],[126.14962,6.73741],[126.15015,6.73643],[126.15078,6.73592],[126.15109,6.73694],[126.15236,6.7386],[126.15377,6.73911],[126.15513,6.73941],[126.15678,6.73924],[126.15785,6.73802],[126.16004,6.73792],[126.16212,6.73805],[126.16334,6.73779],[126.16513,6.73877],[126.16676,6.73952],[126.16867,6.74056],[126.17169,6.74103],[126.17367,6.74075],[126.17472,6.74013],[126.17585,6.74016],[126.17753,6.74111],[126.17888,6.74126],[126.18104,6.74013],[126.18174,6.7399]],"ele":[382,389,433,453,481,523,529,583,597,628,693,750,669,583,583,584,529,495,450,449,449,471,485,485,502,548,589,584,627,627,696,737,806,872,914,1024,1052,1102,1170,1261,1380,1405,1426,1464,1464,1478,1479,1500,1554,1611],"dist_km":8.6,"ascent_m":1452,"net":[[[126.142,6.7355],[126.1419,6.7358]],[[126.1417,6.736],[126.1417,6.7363]],[[126.1411,6.7348],[126.1408,6.7348]],[[126.1413,6.7348],[126.1427,6.7348],[126.1452,6.7334],[126.1505,6.7333],[126.1522,6.7329],[126.1526,6.7315],[126.1535,6.7318],[126.154,6.7316],[126.1553,6.7306],[126.1557,6.7301],[126.156,6.7282],[126.1575,6.7265],[126.1582,6.7252],[126.1589,6.7244],[126.1599,6.724],[126.1621,6.7217],[126.1626,6.7218],[126.1627,6.7223],[126.1632,6.723],[126.1632,6.7247],[126.1645,6.7253],[126.167,6.7278],[126.1669,6.7301],[126.1675,6.7318],[126.1682,6.7326],[126.1709,6.7332],[126.1724,6.7325],[126.1748,6.7323],[126.177,6.7326],[126.1791,6.7307],[126.1812,6.7301],[126.1847,6.7285]],[[126.1428,6.7649],[126.1424,6.7637],[126.1414,6.7628],[126.1403,6.7626],[126.14,6.7603],[126.1396,6.7593],[126.14,6.7579],[126.1408,6.7568],[126.1424,6.7558],[126.1427,6.7551],[126.1425,6.7518],[126.1421,6.7509],[126.1407,6.7497],[126.1403,6.7489],[126.1409,6.7463],[126.1414,6.7462],[126.1417,6.7467],[126.143,6.746],[126.1433,6.7457],[126.1434,6.7443],[126.1442,6.7441],[126.1441,6.7435],[126.1449,6.7434],[126.1451,6.7404],[126.1458,6.7396],[126.1455,6.7392]],[[126.1817,6.7268],[126.1816,6.7286],[126.1822,6.7296]],[[126.1836,6.7256],[126.1817,6.7268]],[[126.1823,6.7237],[126.1823,6.7251],[126.183,6.7252],[126.1836,6.7256]],[[126.1898,6.7118],[126.1898,6.714],[126.1894,6.7157],[126.1884,6.7172],[126.1881,6.7197],[126.1867,6.7229],[126.1845,6.7263]],[[126.1898,6.7118],[126.1887,6.7125],[126.1856,6.7132],[126.1844,6.7125],[126.183,6.7132],[126.1836,6.7147],[126.183,6.7167],[126.183,6.7192],[126.1836,6.7201],[126.1836,6.7208],[126.184,6.7214],[126.1844,6.7261]],[[126.1422,6.7355],[126.1418,6.7352]],[[126.1455,6.7392],[126.1436,6.7382],[126.1419,6.7358]],[[126.1411,6.7348],[126.1413,6.7348]],[[126.1408,6.7347],[126.1411,6.7348]],[[126.1413,6.7348],[126.1418,6.7352]],[[126.1418,6.7352],[126.1422,6.7355]],[[126.1422,6.7355],[126.1422,6.7358],[126.1419,6.7358]],[[126.1419,6.7358],[126.1419,6.7358]],[[126.1419,6.7358],[126.1416,6.7362],[126.1418,6.7368]],[[126.142,6.7354],[126.142,6.7355]],[[126.1504,6.7356],[126.1493,6.7388],[126.1488,6.7394],[126.1466,6.7393],[126.1461,6.739],[126.1455,6.7392]],[[126.1504,6.7356],[126.1493,6.7346],[126.1473,6.7343],[126.1466,6.7354],[126.1458,6.7358],[126.1436,6.7359],[126.1422,6.7355]],[[126.1998,6.7043],[126.1992,6.7042],[126.1969,6.7056],[126.1959,6.7055],[126.1949,6.707],[126.1938,6.7067],[126.1933,6.7068],[126.1926,6.7084],[126.1913,6.7094],[126.1898,6.7118]],[[126.1817,6.7268],[126.1808,6.7267]],[[126.1836,6.7256],[126.1844,6.7261]],[[126.1844,6.7261],[126.1845,6.7263]],[[126.1845,6.7263],[126.1847,6.7285]],[[126.1847,6.7285],[126.1853,6.7285],[126.187,6.7293],[126.1875,6.7302],[126.1874,6.731],[126.1865,6.7325],[126.185,6.7341],[126.1834,6.7385],[126.1817,6.7399]],[[126.1817,6.7399],[126.1789,6.7413],[126.1775,6.7411],[126.1759,6.7402],[126.1747,6.7401],[126.1737,6.7408],[126.1717,6.741],[126.1687,6.7406],[126.1633,6.7378],[126.1621,6.738],[126.161,6.7377],[126.16,6.7379],[126.1585,6.7377],[126.1579,6.738],[126.1575,6.7388],[126.1568,6.7392],[126.1551,6.7394],[126.1524,6.7386],[126.1513,6.7375],[126.1511,6.7365],[126.1504,6.7356]]],"src":"OpenStreetMap"}