{"route":[[124.65448,9.22329],[124.65566,9.22338],[124.65722,9.22304],[124.65817,9.22364],[124.65794,9.22479],[124.65869,9.2262],[124.66022,9.22795],[124.66064,9.22735],[124.66092,9.22589],[124.66166,9.22485],[124.66258,9.22394],[124.66313,9.22308],[124.66324,9.22194],[124.66358,9.22054],[124.66381,9.21971],[124.66388,9.21816],[124.66387,9.21734],[124.6643,9.21638],[124.66458,9.21523],[124.66494,9.21405],[124.66481,9.21263],[124.66503,9.21075],[124.66585,9.20937],[124.66682,9.20797],[124.66758,9.20723],[124.6686,9.20661],[124.66969,9.20572],[124.67171,9.20541],[124.67314,9.20511],[124.67319,9.20394],[124.67357,9.20295],[124.67506,9.20291],[124.67637,9.20316],[124.67603,9.20215],[124.67685,9.20113]],"ele":[243,244,257,249,242,220,185,208,230,271,259,273,289,340,363,440,475,530,574,649,693,793,846,961,1005,1062,1121,1139,1133,1124,1174,1246,1268,1261,1250],"dist_km":5.6,"ascent_m":1062,"net":[[[124.6769,9.2036],[124.6773,9.2041],[124.6777,9.2062],[124.6784,9.2073],[124.6802,9.208],[124.6844,9.2112],[124.6856,9.2115],[124.6873,9.2136],[124.6894,9.2153],[124.6895,9.2157],[124.6888,9.2168],[124.6892,9.2185],[124.689,9.2196],[124.6886,9.2203],[124.6882,9.2204]],[[124.6882,9.2204],[124.6878,9.2214],[124.6884,9.2223],[124.6887,9.2246],[124.689,9.2247],[124.6892,9.2252],[124.6885,9.2264]],[[124.6745,9.203],[124.6735,9.203],[124.6732,9.2034],[124.673,9.2042],[124.6716,9.204]],[[124.6639,9.2186],[124.6638,9.2197],[124.6635,9.2197],[124.6636,9.2205],[124.6632,9.2211],[124.6633,9.2227],[124.6631,9.2231],[124.6627,9.2232],[124.6626,9.2238],[124.6628,9.2247],[124.6643,9.2259],[124.6654,9.2277],[124.6645,9.2295]],[[124.6769,9.2036],[124.6771,9.2036]],[[124.6714,9.2042],[124.6714,9.2044]],[[124.688,9.2269],[124.6883,9.2265]],[[124.6405,9.2108],[124.6404,9.2115],[124.6407,9.2115],[124.6423,9.2091],[124.6432,9.2085],[124.6426,9.2098],[124.6425,9.212]],[[124.6425,9.2117],[124.6446,9.2122],[124.6454,9.2121],[124.646,9.2128],[124.6467,9.2126],[124.6469,9.2129],[124.6468,9.2137],[124.6479,9.214]],[[124.7183,9.214],[124.718,9.2133]],[[124.718,9.2133],[124.7179,9.2134]],[[124.6343,9.2066],[124.6339,9.2066]],[[124.6346,9.2018],[124.6345,9.2016]],[[124.6348,9.2023],[124.6347,9.2022]],[[124.677,9.1711],[124.6776,9.1727],[124.6769,9.1741],[124.6772,9.175],[124.6768,9.1753],[124.6774,9.176],[124.6771,9.1771],[124.6764,9.1778],[124.6777,9.1782],[124.6792,9.1782],[124.6808,9.1773]],[[124.688,9.2218],[124.6874,9.2219],[124.687,9.2249],[124.6873,9.2268],[124.688,9.2269]],[[124.6347,9.2022],[124.6348,9.2018]],[[124.6346,9.2018],[124.6345,9.2021]],[[124.6348,9.2018],[124.6346,9.2018]],[[124.7009,9.2091],[124.7001,9.2106]],[[124.7059,9.2118],[124.7059,9.2112],[124.7066,9.2107]],[[124.6885,9.2264],[124.6892,9.2262]],[[124.6609,9.241],[124.6612,9.2405]],[[124.6518,9.1817],[124.6542,9.1823]],[[124.6694,9.1539],[124.6698,9.1555]],[[124.6696,9.1543],[124.6703,9.1555]],[[124.6722,9.1558],[124.6718,9.1555],[124.6711,9.1557],[124.6694,9.1554],[124.6685,9.1555],[124.6677,9.1552],[124.6665,9.1536],[124.6661,9.1534]],[[124.6839,9.2316],[124.683,9.2322],[124.6828,9.233]],[[124.696,9.2322],[124.6957,9.2309],[124.6958,9.2296],[124.695,9.2263]],[[124.6615,9.1604],[124.6624,9.1596],[124.663,9.1597]],[[124.6914,9.2008],[124.6924,9.1999]],[[124.6945,9.1985],[124.6967,9.1967]],[[124.6957,9.1977],[124.6954,9.1982]],[[124.6639,9.2423],[124.6653,9.24]],[[124.6471,9.2283],[124.6477,9.2282],[124.6482,9.2275],[124.648,9.2267]],[[124.7106,9.1979],[124.7108,9.1971]],[[124.7106,9.1979],[124.7113,9.1983],[124.7122,9.1971],[124.7126,9.1956],[124.7155,9.1921],[124.7155,9.1914],[124.717,9.1894],[124.7167,9.1875],[124.7172,9.1861],[124.717,9.1846],[124.7174,9.1839],[124.7174,9.1833],[124.718,9.1829],[124.7179,9.1825],[124.7194,9.1817],[124.7234,9.1788],[124.7257,9.1762],[124.7278,9.1777],[124.7276,9.178]],[[124.6953,9.2041],[124.6949,9.1997],[124.6954,9.1982]],[[124.6628,9.2329],[124.6623,9.2326],[124.6617,9.2327],[124.6608,9.2316],[124.6607,9.2308],[124.6611,9.229],[124.6605,9.2283]],[[124.6416,9.1909],[124.6407,9.1907],[124.6405,9.1902],[124.6399,9.1898]],[[124.6399,9.1924],[124.6407,9.1921],[124.6403,9.1913],[124.6416,9.1909]],[[124.6402,9.19],[124.6412,9.1899],[124.641,9.1896],[124.6412,9.1889]],[[124.6427,9.1935],[124.6425,9.194],[124.6419,9.1939],[124.6414,9.1941]],[[124.6414,9.1941],[124.641,9.1943],[124.6414,9.1945]],[[124.6723,9.1563],[124.6722,9.1558]],[[124.6785,9.1796],[124.6803,9.1782],[124.6807,9.1774]],[[124.6828,9.1794],[124.6834,9.1791],[124.6844,9.1795],[124.6846,9.1805],[124.6859,9.181],[124.686,9.1815],[124.6866,9.1819],[124.6866,9.1834],[124.689,9.1851],[124.69,9.1853]],[[124.6537,9.179],[124.6562,9.1796],[124.6569,9.1803],[124.6582,9.1809]],[[124.704,9.2049],[124.704,9.2034]],[[124.6808,9.1768],[124.6803,9.1765]],[[124.6967,9.1967],[124.6967,9.196]],[[124.6388,9.1945],[124.6387,9.1938]],[[124.6967,9.1964],[124.6974,9.1955]],[[124.6924,9.1999],[124.6928,9.1999],[124.6945,9.1985]],[[124.7071,9.23],[124.7083,9.23]],[[124.6569,9.2386],[124.657,9.2386]],[[124.657,9.2387],[124.657,9.2386]],[[124.6455,9.2239],[124.6435,9.2235],[124.6429,9.2237],[124.6425,9.2236],[124.6424,9.2231]],[[124.696,9.2322],[124.6964,9.2334],[124.6975,9.2351],[124.6976,9.2361]],[[124.6769,9.2036],[124.6764,9.2032],[124.6745,9.203]],[[124.6745,9.203],[124.6745,9.203]],[[124.6716,9.204],[124.6712,9.2042],[124.6702,9.204]],[[124.6702,9.204],[124.6695,9.2061],[124.6678,9.2069],[124.6659,9.2089],[124.6643,9.2118],[124.6648,9.2126],[124.6649,9.2141],[124.6646,9.2159],[124.6642,9.2162],[124.664,9.2175],[124.6637,9.2176],[124.6639,9.2186]],[[124.6702,9.204],[124.6702,9.2034],[124.6709,9.2033],[124.6716,9.204]],[[124.6891,9.1962],[124.6898,9.1975],[124.6911,9.1971],[124.6917,9.1966]],[[124.6461,9.2155],[124.6457,9.2157],[124.6452,9.2151],[124.6453,9.2143],[124.6449,9.2137],[124.6451,9.2132],[124.644,9.2125],[124.6438,9.2126],[124.6437,9.2121],[124.6425,9.212]],[[124.6461,9.2155],[124.6462,9.2154]],[[124.6344,9.2066],[124.6343,9.2066]],[[124.6347,9.2022],[124.6345,9.2021]],[[124.6348,9.2023],[124.6348,9.2023]],[[124.633,9.2067],[124.6329,9.2068]],[[124.633,9.2067],[124.633,9.2067]],[[124.688,9.2272],[124.688,9.2269]],[[124.6698,9.2051],[124.6717,9.2054],[124.673,9.2052],[124.6733,9.2047],[124.6731,9.2038]],[[124.6764,9.2032],[124.6761,9.2015],[124.6776,9.2008],[124.6781,9.201],[124.679,9.2008],[124.6803,9.2013],[124.6808,9.2011],[124.681,9.2004],[124.6815,9.2003],[124.6824,9.2007],[124.6833,9.2005],[124.6843,9.2007],[124.6849,9.2016],[124.6853,9.2013],[124.6861,9.2013],[124.6864,9.2016],[124.6869,9.2013],[124.6871,9.2015],[124.6875,9.2014],[124.6888,9.1997],[124.689,9.1982],[124.6888,9.1973],[124.6891,9.197],[124.6891,9.1962]],[[124.6425,9.212],[124.6421,9.2127],[124.6412,9.2129]],[[124.6401,9.2107],[124.6405,9.2104],[124.6405,9.2108]],[[124.6401,9.2106],[124.6401,9.2107]],[[124.6461,9.2155],[124.6458,9.2163]],[[124.6793,9.244],[124.6794,9.2438]],[[124.6792,9.244],[124.6789,9.244]],[[124.6792,9.244],[124.6793,9.244]],[[124.6792,9.2437],[124.6792,9.244]],[[124.6793,9.244],[124.6793,9.2442]],[[124.6745,9.2278],[124.6753,9.2266],[124.6754,9.2238],[124.6762,9.2221],[124.6774,9.2211]],[[124.6722,9.2328],[124.672,9.2337],[124.6728,9.2343],[124.6742,9.2334],[124.6735,9.2309],[124.6756,9.2303],[124.6757,9.2294],[124.6754,9.228],[124.6759,9.2274],[124.6768,9.227],[124.6767,9.225],[124.6776,9.2247],[124.6778,9.2244],[124.6776,9.2237],[124.6769,9.2231],[124.6767,9.2224],[124.6771,9.2214],[124.6791,9.2193],[124.6796,9.218],[124.681,9.2164],[124.6802,9.2149],[124.6805,9.2142],[124.6813,9.2145],[124.6832,9.218],[124.6831,9.2189],[124.6826,9.2189],[124.6824,9.2196],[124.6834,9.2196],[124.6835,9.2221],[124.6842,9.2232],[124.6839,9.2245],[124.6843,9.225],[124.6849,9.225],[124.6852,9.2254],[124.685,9.2262],[124.6852,9.2267],[124.6862,9.2261],[124.6867,9.2265],[124.6874,9.2287],[124.688,9.2291]],[[124.6878,9.2306],[124.6886,9.23]],[[124.6828,9.233],[124.6833,9.2345]],[[124.6839,9.2311],[124.6839,9.2316]],[[124.6797,9.225],[124.6799,9.226],[124.6809,