{"route":[[123.3358,13.66191],[123.33544,13.6628],[123.33564,13.66341],[123.33724,13.66327],[123.33831,13.66362],[123.34,13.66328],[123.34132,13.66343],[123.34331,13.66274],[123.34506,13.66312],[123.34729,13.66405],[123.34933,13.66392],[123.35086,13.66427],[123.35279,13.66567],[123.35394,13.6657],[123.355,13.66588],[123.35598,13.66547],[123.35689,13.66479],[123.35843,13.66465],[123.35957,13.66389],[123.36105,13.66265],[123.36244,13.66198],[123.36354,13.66227],[123.36507,13.66163],[123.36672,13.66248],[123.36812,13.66172],[123.36938,13.66144],[123.3704,13.66068],[123.37245,13.65996],[123.37266,13.65901]],"ele":[492,507,487,523,523,591,603,656,739,772,834,874,919,912,979,1063,1126,1186,1239,1312,1360,1435,1542,1616,1654,1741,1811,1924,1964],"dist_km":5.0,"ascent_m":1449,"net":[[[123.3353,13.663],[123.3356,13.6631],[123.3356,13.6624],[123.336,13.6621],[123.3358,13.6619]],[[123.3353,13.663],[123.3356,13.6634],[123.3366,13.6632],[123.3383,13.6636],[123.34,13.6633],[123.3413,13.6634],[123.3433,13.6627],[123.3443,13.6627],[123.3451,13.6631],[123.3461,13.6631],[123.3473,13.664],[123.3483,13.6637],[123.3509,13.6643],[123.3518,13.6647],[123.3528,13.6657],[123.3545,13.6656],[123.355,13.6659],[123.3569,13.6648],[123.3584,13.6647],[123.3615,13.6622],[123.3624,13.662],[123.3635,13.6623],[123.364,13.6618],[123.3651,13.6616],[123.3667,13.6625],[123.3676,13.6621],[123.3687,13.6614],[123.3694,13.6614],[123.3704,13.6607],[123.3725,13.66],[123.3727,13.659]],[[123.414,13.6185],[123.4138,13.6197],[123.4122,13.62],[123.4117,13.6213],[123.4092,13.6236],[123.4089,13.6248],[123.4077,13.6261],[123.407,13.6277],[123.4063,13.628],[123.4053,13.6276],[123.4044,13.6287],[123.4028,13.6292],[123.4028,13.6303],[123.4011,13.6327],[123.3983,13.6333],[123.3967,13.6348],[123.3957,13.6351],[123.3949,13.636],[123.3939,13.6363],[123.3937,13.6372],[123.3913,13.6394],[123.39,13.6431],[123.3864,13.6446],[123.385,13.6456]],[[123.3434,13.6134],[123.3443,13.6136],[123.3469,13.6167],[123.3488,13.6211],[123.3488,13.6229]]],"src":"OpenStreetMap"}