{"route":[[124.80237,7.90917],[124.80111,7.91054],[124.79957,7.91342],[124.79861,7.91443],[124.79752,7.91546],[124.79646,7.91632],[124.79528,7.91761],[124.795,7.91867],[124.79473,7.92103],[124.79419,7.92203],[124.79323,7.9233],[124.79172,7.92491],[124.7908,7.9267],[124.79031,7.92787],[124.78918,7.9291],[124.78871,7.93016],[124.7882,7.93127],[124.78922,7.93284],[124.78937,7.93437],[124.79067,7.93502],[124.7906,7.93637],[124.79015,7.93744],[124.78963,7.93867],[124.78893,7.93952],[124.7885,7.94108],[124.7885,7.94263],[124.78847,7.94372],[124.7888,7.94567],[124.78876,7.94717],[124.78856,7.94869],[124.78903,7.94984],[124.79031,7.95],[124.79157,7.95159],[124.79266,7.95168],[124.79409,7.95219],[124.79743,7.95141],[124.79859,7.95153],[124.80055,7.95039],[124.80113,7.95149],[124.80111,7.95307],[124.80172,7.95396],[124.80225,7.95498]],"ele":[1642,1655,1719,1770,1828,1888,1971,1996,2090,2115,2154,2229,2323,2335,2359,2404,2422,2423,2464,2482,2510,2538,2598,2615,2563,2626,2651,2679,2723,2790,2794,2679,2615,2562,2548,2572,2666,2720,2755,2801,2847,2857],"dist_km":7.5,"ascent_m":1412,"net":[[[124.7887,7.9496],[124.7886,7.9487],[124.7888,7.9457],[124.7883,7.9446],[124.7885,7.9426],[124.7882,7.9421],[124.7884,7.9401],[124.7895,7.9392],[124.7897,7.9379],[124.7901,7.9374],[124.7908,7.9354],[124.7907,7.935],[124.7894,7.9344],[124.7892,7.9328],[124.7881,7.9323],[124.7881,7.9315],[124.7897,7.9282],[124.7903,7.9279],[124.7911,7.9256],[124.7932,7.9233],[124.7947,7.921],[124.7953,7.9176],[124.7996,7.9134],[124.8011,7.9105],[124.8024,7.9092]],[[124.8132,7.8971],[124.8132,7.8993],[124.8138,7.8997],[124.8141,7.9003],[124.814,7.9005],[124.8136,7.9003],[124.8141,7.9033],[124.814,7.9047],[124.8142,7.9054],[124.8151,7.9059],[124.8147,7.9069],[124.8149,7.9072],[124.8126,7.911],[124.8095,7.9138],[124.8088,7.9151],[124.8088,7.9164],[124.8095,7.9196],[124.8099,7.92],[124.8099,7.9207],[124.8093,7.9216],[124.8081,7.9255],[124.8052,7.9325],[124.8043,7.9337],[124.8039,7.9354],[124.8039,7.9386],[124.8046,7.9403],[124.8045,7.9413],[124.8039,7.9426],[124.8041,7.945],[124.8034,7.946],[124.8009,7.9476],[124.8009,7.9496],[124.8005,7.9504]],[[124.8005,7.9504],[124.8011,7.9515],[124.8011,7.9531],[124.8021,7.9542],[124.8022,7.9554]],[[124.8005,7.9504],[124.7986,7.9515],[124.7974,7.9514],[124.7941,7.9522],[124.7927,7.9517],[124.7918,7.9517],[124.7903,7.95],[124.7887,7.9496]]],"src":"OpenStreetMap"}