{"route":[[121.32935,14.14746],[121.33006,14.1466],[121.33008,14.14534],[121.33134,14.14453],[121.33272,14.14461],[121.33403,14.14416],[121.33508,14.14457],[121.33574,14.14511],[121.33672,14.14537],[121.33791,14.14563],[121.33901,14.14556],[121.34001,14.14564],[121.34074,14.14639],[121.34126,14.1474],[121.34155,14.1487],[121.34222,14.14936],[121.34338,14.14928],[121.34395,14.14835],[121.34437,14.14721],[121.34459,14.14718]],"ele":[40,47,47,59,97,118,186,188,270,303,339,406,395,438,438,459,511,551,626,626],"dist_km":2.6,"ascent_m":582,"net":[[[121.3218,14.1349],[121.3227,14.1354],[121.3231,14.1371]],[[121.3407,14.1679],[121.3426,14.1642]],[[121.3118,14.1378],[121.3141,14.1366],[121.3157,14.1344]],[[121.3329,14.1064],[121.3334,14.1064]],[[121.3308,14.1113],[121.3313,14.1114]],[[121.3373,14.1215],[121.3377,14.1215]],[[121.3339,14.1159],[121.3348,14.1154]],[[121.3134,14.1428],[121.313,14.1431]],[[121.3153,14.1455],[121.3148,14.1451]],[[121.3351,14.1759],[121.3357,14.1745]],[[121.3363,14.1763],[121.3368,14.175]],[[121.3258,14.1779],[121.3269,14.1779]],[[121.3121,14.139],[121.3097,14.1406]],[[121.3069,14.1416],[121.3074,14.1421],[121.3076,14.1429],[121.3073,14.1438]],[[121.3516,14.167],[121.3516,14.1655]],[[121.3498,14.1705],[121.3494,14.171]],[[121.3263,14.1556],[121.3293,14.1532]],[[121.3397,14.1713],[121.3377,14.1706]],[[121.315,14.1455],[121.315,14.1455]],[[121.315,14.1453],[121.315,14.1454]],[[121.3662,14.1856],[121.3649,14.1893],[121.3645,14.1892]],[[121.3398,14.168],[121.3401,14.1678]],[[121.3294,14.1475],[121.3301,14.1466],[121.3301,14.1453],[121.3306,14.1448],[121.3313,14.1445],[121.3327,14.1446],[121.334,14.1442],[121.3356,14.1445],[121.3357,14.1451],[121.3364,14.1455],[121.3373,14.1453],[121.3384,14.1457],[121.3387,14.1455],[121.34,14.1456],[121.3412,14.1469],[121.3417,14.1481],[121.3417,14.149],[121.3424,14.1496],[121.3434,14.1493],[121.3442,14.1473],[121.3448,14.147],[121.3449,14.1466]],[[121.3645,14.1127],[121.3648,14.1152],[121.3628,14.1167],[121.3622,14.1182],[121.3634,14.1214],[121.3633,14.1239],[121.3627,14.125],[121.3615,14.1259],[121.3612,14.127],[121.3612,14.1281],[121.36,14.1289],[121.3596,14.1297],[121.3601,14.1306],[121.3606,14.1329],[121.3594,14.1321],[121.3587,14.1321],[121.3583,14.1326]],[[121.3604,14.1321],[121.3611,14.1325],[121.3614,14.1319],[121.3617,14.1332],[121.3628,14.1323],[121.3639,14.1323],[121.3652,14.1317],[121.3662,14.1324],[121.3665,14.1319],[121.3678,14.1313],[121.3686,14.1301],[121.369,14.13],[121.37,14.1291],[121.3706,14.1288],[121.3713,14.1291],[121.373,14.129],[121.3734,14.1288]],[[121.3137,14.1469],[121.3132,14.1478]],[[121.3136,14.1471],[121.314,14.1472]],[[121.3599,14.1303],[121.3587,14.1321]],[[121.3634,14.1228],[121.3632,14.1219],[121.3622,14.1206],[121.3626,14.1193]],[[121.3631,14.1244],[121.3628,14.1252],[121.3615,14.1263]],[[121.3148,14.1452],[121.3149,14.1456],[121.3153,14.1454]],[[121.3149,14.1454],[121.3147,14.1453]],[[121.3149,14.1455],[121.3149,14.1456]],[[121.315,14.1454],[121.3152,14.1456]],[[121.315,14.1453],[121.3151,14.1451]],[[121.3108,14.141],[121.3115,14.1414]],[[121.3114,14.1409],[121.3117,14.141]],[[121.3111,14.1412],[121.3114,14.1409]],[[121.311,14.1415],[121.3111,14.1412]],[[121.3111,14.1416],[121.311,14.1415]],[[121.3112,14.1416],[121.3111,14.1416]],[[121.3323,14.1273],[121.3322,14.1273]],[[121.3319,14.1262],[121.3323,14.1273]],[[121.3289,14.125],[121.3291,14.1249],[121.3298,14.1257],[121.3309,14.126]],[[121.3322,14.1273],[121.331,14.1273],[121.3307,14.1267],[121.3296,14.1262],[121.3279,14.1268]],[[121.3322,14.1109],[121.3323,14.1109]],[[121.3314,14.1108],[121.3322,14.111],[121.3323,14.1107]],[[121.3151,14.1451],[121.3152,14.1451]],[[121.315,14.1451],[121.3151,14.1451]],[[121.3151,14.1451],[121.3152,14.1449]],[[121.3151,14.1451],[121.3151,14.1451]],[[121.3296,14.1615],[121.3297,14.1614]],[[121.3255,14.1546],[121.3256,14.1546]],[[121.315,14.1448],[121.315,14.1448]],[[121.3868,14.126],[121.3863,14.1264],[121.3868,14.1273],[121.3864,14.1279]],[[121.3339,14.1894],[121.3344,14.1889]],[[121.3507,14.1121],[121.3509,14.112]],[[121.3507,14.1121],[121.3508,14.1122]],[[121.3506,14.112],[121.3507,14.1121]],[[121.3144,14.1585],[121.3144,14.1587]],[[121.3117,14.1517],[121.3116,14.1517]],[[121.3116,14.1516],[121.3115,14.1518]],[[121.3402,14.1783],[121.3404,14.1779]]],"src":"OpenStreetMap"}