{"route":[[123.08766,10.42427],[123.08999,10.42398],[123.09036,10.42498],[123.09133,10.42582],[123.09235,10.42657],[123.0936,10.42668],[123.09455,10.42624],[123.09573,10.42626],[123.09696,10.42634],[123.09825,10.42627],[123.09943,10.42672],[123.10074,10.42722],[123.10207,10.4271],[123.10305,10.42748],[123.10387,10.42807],[123.10471,10.42874],[123.10556,10.42897],[123.10625,10.42953],[123.10722,10.42968],[123.10773,10.43015],[123.10851,10.43063],[123.1094,10.43113],[123.11049,10.43113],[123.1116,10.43086],[123.11235,10.43043],[123.11328,10.43015],[123.11404,10.42967],[123.11513,10.42924],[123.11641,10.42831],[123.11719,10.4276],[123.11841,10.42684],[123.11936,10.42676],[123.12083,10.42658],[123.12165,10.42718],[123.12253,10.42776],[123.12329,10.42794],[123.12445,10.42791],[123.12576,10.42786],[123.12673,10.42823],[123.12763,10.42849],[123.12903,10.42846],[123.13022,10.42898],[123.131,10.4287],[123.13185,10.42827],[123.13277,10.42826],[123.13329,10.42757],[123.13368,10.42684],[123.13421,10.42628],[123.1347,10.42554],[123.13495,10.42482],[123.13554,10.42401],[123.13508,10.42301],[123.13416,10.42193],[123.13364,10.42077],[123.13339,10.41953],[123.13358,10.41846],[123.13329,10.4174],[123.13292,10.4158],[123.13316,10.41399],[123.13189,10.4132],[123.1311,10.41251]],"ele":[896,927,943,978,999,1036,1060,1071,1089,1102,1140,1169,1207,1218,1248,1302,1292,1337,1347,1401,1382,1400,1413,1420,1428,1438,1447,1468,1495,1507,1547,1566,1582,1604,1673,1673,1720,1736,1780,1812,1846,1902,1935,1973,2007,2007,2063,2133,2133,2123,2165,2178,2194,2214,2230,2246,2231,2265,2369,2383,2347],"dist_km":10.0,"ascent_m":1455,"net":[[[123.1725,10.4334],[123.1706,10.433],[123.1695,10.4334],[123.1682,10.4333],[123.167,10.4328],[123.1668,10.4331],[123.1636,10.4335],[123.1608,10.4331],[123.1582,10.4311],[123.1566,10.4307],[123.1548,10.431],[123.1536,10.4305],[123.1518,10.4304],[123.1489,10.4316],[123.1475,10.4314],[123.1459,10.4303],[123.1443,10.428],[123.1426,10.4272],[123.142,10.4264],[123.1425,10.4258],[123.1425,10.4245],[123.1411,10.4203],[123.1413,10.4189],[123.1401,10.4175],[123.1394,10.4157],[123.1381,10.415]],[[123.1351,10.4245],[123.1355,10.4244],[123.1355,10.424],[123.1336,10.4208],[123.1334,10.4195],[123.1336,10.4185],[123.1333,10.418]],[[123.1237,10.428],[123.1241,10.4278],[123.1246,10.4281],[123.1252,10.4278],[123.1276,10.4284]],[[123.1333,10.418],[123.1335,10.4169]],[[123.1141,10.4298],[123.1142,10.4295],[123.1157,10.4289],[123.1175,10.4272],[123.1186,10.4269]],[[123.1276,10.4284],[123.1296,10.4285],[123.1302,10.429],[123.1321,10.4283]],[[123.1186,10.4269],[123.1208,10.4266],[123.1229,10.4281],[123.1237,10.428]],[[123.1088,10.4306],[123.1096,10.4312],[123.1111,10.4314],[123.1116,10.4309],[123.1121,10.4309],[123.1127,10.4302],[123.1137,10.4302],[123.1141,10.4298]],[[123.1045,10.4284],[123.1047,10.4287],[123.1053,10.4287],[123.1054,10.4291],[123.106,10.4291],[123.1064,10.4296],[123.1066,10.4295],[123.1072,10.4297],[123.1072,10.4301],[123.1077,10.4299],[123.1084,10.4306],[123.1088,10.4306]],[[123.1321,10.4283],[123.1328,10.4283],[123.1328,10.4279],[123.1332,10.4279],[123.1334,10.4271],[123.1342,10.4265],[123.1344,10.4258],[123.1349,10.4255],[123.1351,10.4245]],[[123.1015,10.4273],[123.1021,10.4271],[123.1028,10.4273],[123.1045,10.4284]],[[123.1035,10.4272],[123.1028,10.4273]],[[123.0917,10.4262],[123.0889,10.4263],[123.0874,10.4249]],[[123.1246,10.428],[123.1246,10.428]],[[123.0877,10.4243],[123.0885,10.4238],[123.09,10.424],[123.0905,10.4246],[123.0905,10.4254],[123.0913,10.4258],[123.0918,10.4265],[123.0926,10.4267],[123.0936,10.4267],[123.0953,10.426],[123.0966,10.4263],[123.0988,10.4263],[123.1015,10.4273]],[[123.1333,10.4174],[123.1329,10.4165],[123.1332,10.414],[123.133,10.4134],[123.1335,10.413]],[[123.1372,10.3714],[123.1377,10.3717],[123.1379,10.373]],[[123.1377,10.372],[123.1383,10.372]],[[123.1193,10.373],[123.1195,10.3724],[123.1199,10.3723],[123.1208,10.3725]],[[123.1204,10.3743],[123.1208,10.3725]],[[123.1215,10.378],[123.1213,10.3778],[123.1219,10.3774],[123.122,10.3768],[123.122,10.3751],[123.1229,10.373],[123.123,10.3681],[123.1242,10.3671]],[[123.1332,10.4131],[123.1319,10.4132],[123.1313,10.4128],[123.1306,10.4114],[123.1307,10.4097],[123.1286,10.4081],[123.1276,10.4064],[123.1273,10.405],[123.1279,10.4037],[123.1264,10.4013],[123.1247,10.3969],[123.124,10.3945],[123.1232,10.3899],[123.1208,10.3845],[123.1213,10.3825],[123.1206,10.3817],[123.1207,10.3809],[123.1201,10.38],[123.1199,10.3774],[123.1205,10.376],[123.1202,10.3757],[123.1204,10.3743]],[[123.1134,10.3749],[123.1129,10.3744],[123.1132,10.3735],[123.113,10.3729],[123.1135,10.3708],[123.1128,10.3699],[123.1132,10.3695],[123.1136,10.3696],[123.1135,10.3689],[123.1141,10.3679],[123.1141,10.3663],[123.1137,10.3652],[123.1132,10.3653],[123.1131,10.365],[123.1134,10.3631]],[[123.153,10.3946],[123.152,10.395]],[[123.1544,10.3923],[123.1564,10.3915],[123.1574,10.3907],[123.1581,10.3897]],[[123.1548,10.3929],[123.1545,10.393]],[[123.1565,10.3919],[123.1547,10.3928],[123.1531,10.3946],[123.1514,10.3953]],[[123.1558,10.3942],[123.1569,10.3941]],[[123.1559,10.3961],[123.1549,10.3968]],[[123.1581,10.3924],[123.1569,10.3926]],[[123.156,10.394],[123.1557,10.3967],[123.156,10.3973]],[[123.1572,10.3926],[123.1558,10.3942],[123.1544,10.3944]],[[123.1542,10.3957],[123.1541,10.3953],[123.1547,10.3938],[123.1576,10.3913],[123.159,10.3895]],[[123.157,10.3925],[123.1568,10.3921]],[[123.1381,10.415],[123.1386,10.4146],[123.1404,10.4145],[123.1416,10.4125],[123.1428,10.4113],[123.143,10.4104],[123.1445,10.408],[123.1466,10.4055],[123.1514,10.4015],[123.1526,10.3999],[123.1554,10.399],[123.1557,10.3987],[123.1555,10.3979],[123.1561,10.397],[123.1576,10.3966],[123.1581,10.397],[123.16,10.3974],[123.1605,10.3969],[123.1603,10.3966],[123.1606,10.3962],[123.1629,10.3938],[123.1627,10.3923],[123.1633,10.3921]],[[123.1381,10.415],[123.1335,10.413]],[[123.1706,10.3881],[123.1716,10.3881],[123.1711,10.3882],[123.17,10.3893],[123.1693,10.391],[123.1682,10.3919]],[[123.1188,10.3637],[123.12,10.3683],[123.1209,10.37],[123.1208,10.3725]],[[123.122,10.3751],[123.1219,10.3747],[123.1223,10.3745]],[[123.1209,10.37],[123.1223,10.3681],[123.1223,10.3656],[123.1227,10.3638]],[[123.1213,10.3778],[123.1207,10.3781],[123.1199,10.3775]],[[123.1653,10.3866],[123.1666,10.3852],[123.1684,10.3842]],[[123.1643,10.3992],[123.1651,10.3971],[123.1653,10.3973],[123.1657,10.397],[123.1662,10.396],[123.1673,10.3952],[123.1679,10.3942],[123.1688,10.3939],[123.1694,10.3929],[123.1689,10.3927],[123.1688,10.3921],[123.1684,10.3923],[123.1682,10.3919],[123.1679,10.3921],[123.1669,10.3918]],[[123.1669,10.3918],[123.1667,10.3914],[123.167,10.391],[123.1676,10.391]],[[123.1693,10.419],[123.1701,10.4189],[123.1707,10.4183],[123.1714,10.4171],[123.171,10.4165],[123.1711,10.4159],[123.1717,10.4151],[123.1735,10.4139],[123.175,10.4123]],[[123.1693,10.3869],[123.17,10.3855]],[[123.1757,10.4111],[123.1775,10.4104],[123.1785,10.4106]],[[123.1688,10.4074],[123.1691,10.4071],[123.1703,10.4072],[123.1712,10.4062],[123.172,10.4063]],[[123.1269,10.3641],[123.1265,10.3653],[123.1266,10.3661],[123.1271,10.3665],[123.1269,10.369],[123.1278,10.3694]],[[123.1683,10.4074],[123.1687,10.4071]]],"src":"OpenStreetMap"}