{"route":[[120.6341,16.75341],[120.63493,16.75421],[120.63578,16.75497],[120.63611,16.75634],[120.63642,16.75758],[120.63704,16.75883],[120.63709,16.76041],[120.63687,16.76191],[120.63786,16.7625],[120.63798,16.76382],[120.63878,16.76448],[120.639,16.7635],[120.63983,16.76223],[120.64094,16.76087],[120.64262,16.76134],[120.64335,16.76064],[120.64386,16.75986],[120.64504,16.75958],[120.64592,16.75911],[120.64544,16.758],[120.64627,16.75735],[120.64654,16.75656],[120.64753,16.7558],[120.64914,16.75445],[120.65044,16.75324],[120.65134,16.75208],[120.65321,16.75151],[120.65386,16.75046],[120.65362,16.74798],[120.65279,16.74726],[120.65278,16.74594],[120.65326,16.7448],[120.65401,16.74399],[120.65407,16.74296],[120.65523,16.7421],[120.65618,16.74082],[120.65702,16.74034],[120.65697,16.7394],[120.65578,16.73905],[120.65437,16.73825],[120.65337,16.73759],[120.65189,16.73719],[120.65126,16.73642],[120.64996,16.73599],[120.64844,16.73498],[120.64721,16.73513],[120.64641,16.73568],[120.64556,16.73658],[120.64431,16.7375],[120.64335,16.73779],[120.64273,16.73624],[120.64204,16.73539],[120.64061,16.73576],[120.6391,16.73591],[120.63789,16.73634],[120.63642,16.73684],[120.63591,16.73766],[120.63467,16.73836],[120.63328,16.73942],[120.63219,16.73974],[120.63055,16.74057],[120.62926,16.74005],[120.62813,16.73905],[120.62773,16.7375],[120.62783,16.73648],[120.62968,16.73534],[120.63119,16.7348],[120.63133,16.73367],[120.63115,16.73254],[120.63213,16.73158],[120.6333,16.73136],[120.6332,16.73071],[120.63283,16.72878],[120.63309,16.72737],[120.63387,16.72565],[120.63275,16.72583],[120.63165,16.72594],[120.63164,16.72624]],"ele":[1930,1978,2006,2038,2019,2038,2024,2017,2025,2021,1951,1981,1954,1827,1771,1750,1734,1665,1671,1684,1641,1647,1639,1650,1670,1660,1659,1628,1590,1578,1589,1537,1497,1463,1433,1398,1404,1386,1440,1408,1433,1457,1473,1543,1481,1428,1389,1363,1317,1286,1267,1256,1278,1299,1315,1359,1373,1490,1606,1625,1674,1774,1780,1787,1819,1775,1760,1763,1761,1781,1806,1789,1733,1804,1769,1818,1756,1756],"dist_km":12.4,"ascent_m":789,"net":[[[120.6565,16.6979],[120.6562,16.6979]],[[120.651,16.692],[120.6517,16.6925]],[[120.655,16.7057],[120.6543,16.7066],[120.6553,16.7082],[120.6547,16.71]],[[120.6543,16.7066],[120.6541,16.7072],[120.6536,16.7074],[120.6526,16.7071],[120.6532,16.7081],[120.6528,16.7081],[120.652,16.7075],[120.6521,16.7083],[120.651,16.7086],[120.6502,16.7085]],[[120.6526,16.7071],[120.6516,16.7065],[120.6514,16.7061],[120.6517,16.7061]],[[120.6565,16.7001],[120.6562,16.7001]],[[120.6562,16.7001],[120.6556,16.6997],[120.6549,16.7001],[120.6547,16.7008],[120.653,16.7021],[120.6514,16.7023],[120.651,16.7031]],[[120.6382,16.6955],[120.6379,16.6961],[120.6368,16.6957],[120.6364,16.6959],[120.6359,16.6956],[120.6357,16.6946],[120.6346,16.6937],[120.6335,16.6938],[120.6326,16.6932],[120.6316,16.6938],[120.6308,16.6936],[120.6297,16.6942],[120.6281,16.6944],[120.6271,16.6938],[120.6258,16.6936],[120.6256,16.6929],[120.6266,16.6918],[120.6264,16.6909],[120.6268,16.6909],[120.6277,16.6896],[120.6298,16.6899],[120.6299,16.6892],[120.6301,16.6894],[120.6305,16.6887],[120.6303,16.688],[120.6313,16.6888],[120.6318,16.6882],[120.6316,16.6874],[120.6328,16.6861],[120.6324,16.685],[120.633,16.6844],[120.6327,16.683],[120.631,16.6815],[120.631,16.6789],[120.6306,16.6783],[120.631,16.6781],[120.6309,16.6772]],[[120.6147,16.7716],[120.6146,16.7711],[120.6137,16.7702],[120.6137,16.7694],[120.6132,16.7684],[120.6113,16.7682],[120.6107,16.7679],[120.6105,16.7659],[120.6112,16.7644],[120.6111,16.7637],[120.6095,16.7644],[120.6082,16.7643],[120.607,16.7647],[120.6064,16.7646],[120.606,16.764],[120.6057,16.7642],[120.6056,16.7639]],[[120.6067,16.73],[120.6053,16.7305],[120.6034,16.7323],[120.6037,16.7327],[120.6033,16.7341],[120.6027,16.7344],[120.6015,16.7359],[120.6011,16.7371],[120.6012,16.738],[120.6009,16.7385],[120.6014,16.739],[120.6009,16.7391],[120.6014,16.7397],[120.6009,16.7413],[120.6005,16.7412],[120.6001,16.7417],[120.6005,16.7422],[120.6005,16.7428],[120.5999,16.7435],[120.6,16.7444],[120.5996,16.7451],[120.6003,16.7463],[120.6002,16.7473],[120.601,16.7476],[120.6024,16.7495],[120.6014,16.7516],[120.6022,16.7532],[120.6023,16.7541],[120.6028,16.7549],[120.6035,16.7552],[120.6026,16.7566],[120.6026,16.7575],[120.6029,16.7578],[120.6025,16.7586],[120.6032,16.7591],[120.6034,16.7599],[120.6027,16.7606],[120.6038,16.7607],[120.6038,16.7612],[120.6035,16.7616],[120.6041,16.7632],[120.6049,16.7634],[120.6049,16.7638],[120.6056,16.7639]],[[120.655,16.7169],[120.6548,16.7153],[120.6551,16.7151],[120.653,16.7132],[120.6519,16.7137],[120.6514,16.7148],[120.6489,16.7167],[120.6484,16.7174],[120.6486,16.7177],[120.648,16.7174],[120.647,16.7175],[120.6462,16.7178],[120.6451,16.7189],[120.6438,16.7193],[120.641,16.7178],[120.6375,16.7172],[120.6374,16.7176],[120.637,16.7178],[120.6355,16.7182],[120.636,16.7188],[120.6357,16.7199]],[[120.6316,16.726],[120.631,16.7272],[120.6303,16.7271],[120.6296,16.7278],[120.6281,16.728],[120.6267,16.7268],[120.6254,16.7272],[120.625,16.727],[120.624,16.7275],[120.6228,16.7274],[120.6227,16.7269],[120.6204,16.725],[120.6183,16.7241],[120.6178,16.7241],[120.617,16.7251],[120.6166,16.725],[120.6158,16.7255]],[[120.6117,16.7196],[120.6105,16.7184],[120.6103,16.7179],[120.6114,16.7168],[120.6119,16.7154],[120.6128,16.7149],[120.6103,16.7129],[120.6108,16.7123],[120.6109,16.7119],[120.6106,16.7118],[120.6108,16.7114],[120.6101,16.71],[120.6101,16.7096],[120.6108,16.7095],[120.611,16.7085],[120.6113,16.7082],[120.6111,16.7077],[120.6114,16.7075],[120.6116,16.7066],[120.612,16.7064],[120.6127,16.7054],[120.6134,16.7054],[120.614,16.7049],[120.6155,16.7054],[120.6164,16.7048],[120.6182,16.7042],[120.6182,16.7035],[120.6173,16.7024],[120.6171,16.7003],[120.6166,16.6994],[120.6166,16.6985],[120.6163,16.6981],[120.6165,16.6976],[120.618,16.6969],[120.6184,16.696],[120.6194,16.6958],[120.6196,16.6961],[120.62,16.6958],[120.6222,16.6962],[120.6244,16.6956],[120.6253,16.695],[120.6258,16.6936]],[[120.6459,16.7591],[120.6455,16.7596],[120.6439,16.7597],[120.6439,16.7604],[120.6427,16.7614],[120.6419,16.7608],[120.641,16.7608],[120.639,16.7635],[120.6389,16.7639],[120.6392,16.7642],[120.6388,16.7645],[120.6382,16.7643],[120.6379,16.7625]],[[120.6661,16.7454],[120.6639,16.7455],[120.664,16.7459],[120.6635,16.7461],[120.6634,16.7467],[120.6629,16.7462],[120.6615,16.7465],[120.6613,16.7456],[120.6609,16.7456],[120.6606,16.7452],[120.6609,16.7443],[120.6605,16.7442],[120.6604,16.7432],[120.6598,16.7431],[120.6592,16.7417],[120.658,16.7415],[120.6573,16.7403],[120.6571,16.7394],[120.6563,16.7397],[120.6563,16.7393],[120.6552,16.7386],[120.6544,16.7383],[120.6538,16.7384],[120.6528,16.7372],[120.6519,16.7372],[120.6513,16.7364],[120.6497,16.7359],[120.6484,16.735],[120.6467,16.7351],[120.6464,16.7357],[120.6466,16.736],[120.6453,16.7366],[120.6449,16.7373],[120.6434,16.7378],[120.6432,16.7372],[120.6435,16.7369],[120.6427,16.7362],[120.6423,16.7354],[120.642,16.7354],[120.6385,16.7361],[120.6379,16.7365],[120.6364,16.7368],[120.6361,16.737],[120.6359,16.7378],[120.6352,16.7377],[120.634,16.7391],[120.6305,16.7406],[120.6295,16.7405],[120.6287,16.7397]],[[120.6017,16.7357],[120.601,16.7358],[120.6004,16.7362],[120.6,16.736],[120.5994,16.7372],[120.5987,16.7373],[120.5976,16.736],[120.5967,16.7338],[120.5958,16.7333],[120.5938,16.7338],[120.5929,16.7345],[120.5927,16.7343],[120.5916,16.7343],[120.591,16.7338],[120.5904,16.7342],[120.5899,16.7342],[120.5897,16.7333],[120.5884,16.7338],[120.5868,16.7352],[120.5838,16.737],[120.5829,16.7368],[120.5823,16.7371],[120.5816,16.7367],[120.5808,16.7367],[120.58,16.7362]],[[120.6555,16.7169],[120.655,16.7169]],[[120.6585,16.7204],[120.6582,16.7204],[120.6579,16.7197],[120.6581,16.7189],[120.6579,16.7183],[120.6565,16.7173],[120.6562,16.7164],[120.6557,16.7164],[120.6555,16.7169]],[[120.6287,16.7397],[120.6291,16.7407],[120.6286,16.7415],[120.6285,16.7427],[120.6273,16.7426],[120.6263,16.7437],[120.6255,16.7439]],