{"route":[[121.04436,13.91068],[121.04443,13.91208],[121.04453,13.91355],[121.04354,13.914],[121.04396,13.91536],[121.04408,13.91651],[121.04396,13.91758],[121.04357,13.91854],[121.04352,13.91996],[121.04465,13.92037],[121.04511,13.92154],[121.04627,13.92203],[121.04735,13.92266],[121.04862,13.92235],[121.04984,13.92211],[121.05076,13.92168],[121.05151,13.92078]],"ele":[342,340,374,379,459,506,612,663,698,687,714,697,695,786,817,867,921],"dist_km":2.4,"ascent_m":553,"net":[[[121.0448,13.9134],[121.0446,13.9133]],[[121.0435,13.914],[121.0433,13.9139],[121.0432,13.9147],[121.0423,13.9147],[121.0432,13.9169],[121.0435,13.917],[121.0434,13.9201]],[[121.0417,13.9205],[121.0418,13.9207]],[[121.0434,13.9201],[121.0427,13.9204]],[[121.0434,13.9201],[121.0441,13.9199],[121.0447,13.9204],[121.0453,13.9218],[121.0477,13.9227],[121.0482,13.9224],[121.0505,13.9221],[121.0515,13.9208]],[[121.0515,13.9208],[121.0506,13.9185],[121.0508,13.9177],[121.0513,13.9169],[121.0538,13.9149],[121.0553,13.9121],[121.0554,13.9102]],[[121.069,13.903],[121.0696,13.903]],[[121.0693,13.9031],[121.0694,13.9029]],[[121.0694,13.9029],[121.0696,13.9028]],[[121.0694,13.903],[121.0694,13.9029]],[[121.0595,13.9272],[121.0602,13.928],[121.0611,13.9283]],[[121.0435,13.914],[121.044,13.9149],[121.0441,13.9169],[121.0435,13.9187]],[[121.0444,13.9107],[121.0446,13.9135],[121.0435,13.914]],[[121.0427,13.9204],[121.0418,13.9207]],[[121.0418,13.9207],[121.0418,13.9213]],[[121.0234,13.8885],[121.0241,13.8879],[121.0267,13.8879]],[[121.0626,13.9442],[121.0625,13.9436],[121.0629,13.9429],[121.0642,13.9419],[121.0656,13.9413],[121.0668,13.9405],[121.0671,13.9399],[121.068,13.9401],[121.0693,13.9389],[121.0705,13.9389],[121.0702,13.9384],[121.0712,13.9389],[121.0715,13.9394]],[[121.0632,13.9226],[121.0633,13.9232]],[[121.0641,13.9229],[121.0641,13.9233]],[[121.0346,13.9076],[121.0378,13.9068]],[[121.0536,13.8971],[121.0535,13.8974],[121.054,13.8975]],[[121.0525,13.8955],[121.0525,13.8962]],[[121.0427,13.9074],[121.0425,13.9077]],[[121.0713,13.91],[121.0715,13.91]],[[121.0704,13.9076],[121.0709,13.9076]],[[121.0942,13.9155],[121.0944,13.9156]],[[121.0951,13.9133],[121.0948,13.9132]],[[121.0948,13.913],[121.0951,13.9131]],[[121.0885,13.9186],[121.0888,13.9187]],[[121.0888,13.9205],[121.0889,13.9206]],[[121.0893,13.9175],[121.0894,13.9175]],[[121.0912,13.9154],[121.0914,13.9154]],[[121.0904,13.9165],[121.091,13.9165]],[[121.0893,13.9167],[121.0892,13.9166]],[[121.0792,13.908],[121.0796,13.908]],[[121.0859,13.904],[121.0862,13.9041]],[[121.0833,13.9073],[121.0833,13.9072]],[[121.0779,13.9435],[121.0781,13.9435]],[[121.0789,13.9393],[121.079,13.9393]],[[121.0865,13.937],[121.0867,13.9371]],[[121.0853,13.9348],[121.0857,13.9349]],[[121.0841,13.9347],[121.0845,13.9344]],[[121.086,13.9393],[121.0862,13.9393]],[[121.0861,13.9366],[121.0861,13.9369]],[[121.0862,13.9339],[121.0864,13.9339]],[[121.0927,13.9001],[121.0927,13.8998]],[[121.0712,13.9352],[121.0716,13.9351]],[[121.0834,13.9189],[121.0834,13.9191]],[[121.0877,13.8935],[121.0875,13.8935]],[[121.0875,13.8968],[121.0866,13.8967]],[[121.0702,13.9198],[121.0705,13.9201]],[[121.0698,13.9204],[121.0701,13.9203]],[[121.0704,13.9128],[121.0699,13.9125]],[[121.0496,13.8988],[121.0501,13.8987]],[[121.0732,13.9419],[121.0731,13.9423],[121.0716,13.9423],[121.0717,13.9437],[121.0714,13.9458],[121.0716,13.947]],[[121.0523,13.8975],[121.0531,13.8975]],[[121.0523,13.8976],[121.0535,13.8976]],[[121.0523,13.8977],[121.0539,13.8978]],[[121.0523,13.8978],[121.0539,13.8978]]],"src":"OpenStreetMap"}