{"route":[[121.05538,13.91016],[121.0554,13.91124],[121.05519,13.91243],[121.05408,13.91419],[121.05331,13.91537],[121.05218,13.91617],[121.05133,13.9169],[121.05079,13.91809],[121.05082,13.91925],[121.05131,13.92063],[121.05076,13.92168],[121.04984,13.92211],[121.04877,13.92226],[121.04765,13.92269],[121.0465,13.92227],[121.04524,13.92173],[121.04465,13.92037],[121.04344,13.92005],[121.04351,13.91872],[121.04344,13.91732],[121.04298,13.91617],[121.04243,13.91517],[121.04233,13.91479]],"ele":[395,421,460,598,634,727,823,807,837,921,867,817,786,746,697,681,687,674,663,566,485,444,404],"dist_km":3.3,"ascent_m":467,"net":[[[121.0448,13.9134],[121.0446,13.9133]],[[121.0435,13.914],[121.0433,13.9139],[121.0432,13.9147],[121.0423,13.9147],[121.0432,13.9169],[121.0435,13.917],[121.0434,13.9201]],[[121.0417,13.9205],[121.0418,13.9207]],[[121.0434,13.9201],[121.0427,13.9204]],[[121.0434,13.9201],[121.0441,13.9199],[121.0447,13.9204],[121.0453,13.9218],[121.0477,13.9227],[121.0482,13.9224],[121.0505,13.9221],[121.0515,13.9208]],[[121.0515,13.9208],[121.0506,13.9185],[121.0508,13.9177],[121.0513,13.9169],[121.0538,13.9149],[121.0553,13.9121],[121.0554,13.9102]],[[121.069,13.903],[121.0696,13.903]],[[121.0693,13.9031],[121.0694,13.9029]],[[121.0694,13.9029],[121.0696,13.9028]],[[121.0694,13.903],[121.0694,13.9029]],[[121.0595,13.9272],[121.0602,13.928],[121.0611,13.9283]],[[121.0435,13.914],[121.044,13.9149],[121.0441,13.9169],[121.0435,13.9187]],[[121.0444,13.9107],[121.0446,13.9135],[121.0435,13.914]],[[121.0427,13.9204],[121.0418,13.9207]],[[121.0418,13.9207],[121.0418,13.9213]],[[121.0234,13.8885],[121.0241,13.8879],[121.0267,13.8879]],[[121.0626,13.9442],[121.0625,13.9436],[121.0629,13.9429],[121.0642,13.9419],[121.0656,13.9413],[121.0668,13.9405],[121.0671,13.9399],[121.068,13.9401],[121.0693,13.9389],[121.0705,13.9389],[121.0702,13.9384],[121.0712,13.9389],[121.0715,13.9394]],[[121.0632,13.9226],[121.0633,13.9232]],[[121.0641,13.9229],[121.0641,13.9233]],[[121.0346,13.9076],[121.0378,13.9068]],[[121.0284,13.8749],[121.0268,13.8749]],[[121.0276,13.8751],[121.0268,13.875],[121.0267,13.8752]],[[121.0536,13.8971],[121.0535,13.8974],[121.054,13.8975]],[[121.0525,13.8955],[121.0525,13.8962]],[[121.0312,13.8719],[121.0324,13.8719],[121.0326,13.8709]],[[121.0304,13.8707],[121.0305,13.8717],[121.0312,13.8719],[121.0311,13.8733],[121.032,13.8734]],[[121.0225,13.8732],[121.0239,13.8734],[121.0242,13.8731],[121.0254,13.8732]],[[121.0427,13.9074],[121.0425,13.9077]],[[121.0713,13.91],[121.0715,13.91]],[[121.0704,13.9076],[121.0709,13.9076]],[[121.0712,13.9352],[121.0716,13.9351]],[[121.0702,13.9198],[121.0705,13.9201]],[[121.0698,13.9204],[121.0701,13.9203]],[[121.0704,13.9128],[121.0699,13.9125]],[[121.0496,13.8988],[121.0501,13.8987]],[[121.0523,13.8975],[121.0531,13.8975]],[[121.0523,13.8976],[121.0535,13.8976]],[[121.0523,13.8977],[121.0539,13.8978]],[[121.0523,13.8978],[121.0539,13.8978]]],"src":"OpenStreetMap"}