{"route":[[122.24597,11.41263],[122.24488,11.41301],[122.24359,11.41334],[122.24292,11.41422],[122.24153,11.41389],[122.24041,11.41358],[122.23915,11.41404],[122.23834,11.41631],[122.23715,11.41693],[122.23544,11.41679],[122.23359,11.41661],[122.23129,11.41548],[122.2301,11.4158],[122.22877,11.41459],[122.22741,11.41492],[122.22612,11.41605],[122.22465,11.41595],[122.22212,11.41598],[122.22099,11.41562],[122.21959,11.41486],[122.2183,11.4144],[122.21647,11.41327],[122.21526,11.41285],[122.21393,11.41284],[122.21287,11.41316],[122.2116,11.41366],[122.21054,11.41451],[122.21036,11.4157],[122.20941,11.41738],[122.2085,11.41833],[122.20728,11.41961],[122.20631,11.42036],[122.2055,11.42141],[122.20418,11.42199],[122.20285,11.42328],[122.20266,11.42443],[122.20071,11.42478],[122.19866,11.42674],[122.19727,11.42768],[122.19616,11.42804],[122.19457,11.42728],[122.19443,11.42623],[122.19352,11.42546],[122.19303,11.4244],[122.19212,11.42339],[122.18945,11.42253],[122.18772,11.42134],[122.18677,11.42028],[122.18552,11.4191],[122.1833,11.41702],[122.1827,11.4154],[122.18169,11.41324],[122.18058,11.41255],[122.17996,11.41145],[122.17896,11.41046],[122.17665,11.4097],[122.17568,11.40894],[122.17401,11.4084],[122.17281,11.40855],[122.17062,11.40876],[122.16907,11.40954],[122.16703,11.4083],[122.16466,11.40655],[122.16363,11.40613],[122.1626,11.40546],[122.16177,11.40424],[122.16218,11.40259],[122.1629,11.40159],[122.16318,11.4002],[122.16321,11.39907],[122.16374,11.39651],[122.16413,11.39505],[122.16433,11.39376],[122.16418,11.39217],[122.16358,11.39129],[122.16338,11.39015],[122.16237,11.38966],[122.16198,11.38916]],"ele":[204,288,315,320,431,485,509,642,635,627,612,628,663,699,763,773,803,722,801,902,928,1061,1063,1033,1013,993,956,935,991,969,964,930,903,902,822,842,860,1056,1157,1168,1213,1220,1223,1258,1299,1395,1455,1450,1412,1387,1442,1512,1465,1571,1598,1626,1680,1675,1659,1755,1697,1710,1749,1746,1747,1768,1768,1755,1755,1769,1824,1860,1909,1941,1937,1984,1993,2038],"dist_km":14.0,"ascent_m":2052,"net":[[[122.1434,11.3689],[122.1432,11.3696],[122.1448,11.3704],[122.1457,11.3713],[122.1471,11.3714],[122.1484,11.3722],[122.1489,11.3729],[122.1498,11.373],[122.15,11.3734],[122.151,11.3733],[122.1522,11.3744],[122.1537,11.3752]],[[122.1545,11.3754],[122.156,11.3795],[122.1575,11.3798],[122.1577,11.3809],[122.1573,11.3812],[122.1575,11.3819],[122.1571,11.383],[122.1575,11.3841],[122.159,11.3851],[122.1599,11.3878],[122.1616,11.3885],[122.162,11.3893]],[[122.1436,11.3684],[122.1436,11.3685]],[[122.1206,11.368],[122.1212,11.3672],[122.1231,11.3672],[122.1264,11.3651],[122.1276,11.3649],[122.1284,11.3651],[122.1298,11.3646],[122.1342,11.3642],[122.1369,11.363],[122.1394,11.3631],[122.14,11.3643],[122.1406,11.3648],[122.1407,11.3655],[122.1413,11.3658],[122.1423,11.3677],[122.1429,11.3682],[122.1436,11.3682],[122.1436,11.3684]],[[122.1436,11.3685],[122.1434,11.3689]],[[122.1604,11.388],[122.1603,11.3876]],[[122.162,11.3893],[122.1634,11.39],[122.1636,11.3913],[122.1642,11.3922],[122.1643,11.3938],[122.1636,11.3963],[122.1629,11.4016],[122.1622,11.4026],[122.1617,11.4045],[122.1613,11.4049],[122.1606,11.4052],[122.1592,11.4051],[122.1571,11.4055],[122.1574,11.4059],[122.1569,11.4074],[122.1557,11.4068],[122.1544,11.407],[122.1539,11.4066],[122.1499,11.4055],[122.1491,11.4033],[122.148,11.4036],[122.1464,11.4051],[122.1456,11.4055],[122.1431,11.4043],[122.1409,11.4041],[122.1396,11.4044]],[[122.1189,11.3734],[122.1197,11.3733],[122.12,11.3736],[122.1215,11.3731],[122.1217,11.3728],[122.1215,11.3727],[122.1213,11.3708],[122.1207,11.37],[122.1211,11.3689],[122.1206,11.368]],[[122.1189,11.3734],[122.1193,11.373],[122.1189,11.3727],[122.1191,11.3721],[122.119,11.371],[122.1197,11.37],[122.12,11.3684],[122.1206,11.368]],[[122.1115,11.3742],[122.1135,11.3752],[122.116,11.3746],[122.1178,11.375],[122.118,11.3742],[122.1187,11.3741],[122.1185,11.3737],[122.1189,11.3734]],[[122.1396,11.4044],[122.1381,11.4044],[122.1373,11.4049],[122.1327,11.4044],[122.1317,11.4049],[122.1312,11.4048],[122.1304,11.4054],[122.1301,11.4053],[122.1295,11.4065],[122.1262,11.4062],[122.1246,11.4075],[122.1241,11.4092],[122.1227,11.4121],[122.1168,11.4118],[122.1157,11.4115],[122.1149,11.4129],[122.1139,11.4128],[122.1117,11.4144],[122.111,11.4143],[122.1096,11.415],[122.1074,11.4167],[122.1066,11.4167]],[[122.1538,11.3753],[122.1545,11.3754]],[[122.1537,11.3752],[122.1538,11.3753]],[[122.162,11.3893],[122.162,11.3893]],[[122.246,11.4126],[122.2455,11.4125],[122.244,11.4134],[122.2436,11.4133],[122.2429,11.4142],[122.2404,11.4136],[122.2396,11.4138],[122.2392,11.414],[122.2392,11.4144],[122.2383,11.4163],[122.2371,11.4169],[122.2348,11.4165],[122.2336,11.4166],[122.2313,11.4155],[122.2301,11.4158],[122.2293,11.4154],[122.2288,11.4146],[122.2274,11.4149],[122.2261,11.4161],[122.2246,11.4159],[122.2238,11.4163],[122.221,11.4156],[122.218,11.4144],[122.2165,11.4133],[122.2153,11.4128],[122.213,11.413],[122.2116,11.4137],[122.2105,11.4145],[122.2104,11.4159],[122.2084,11.4188],[122.2063,11.4204],[122.2055,11.4214],[122.2038,11.4223],[122.2029,11.4233],[122.2025,11.4246],[122.2018,11.4249],[122.2007,11.4248],[122.1987,11.4267],[122.1973,11.4277],[122.1962,11.428],[122.1952,11.4278],[122.1946,11.4273],[122.1941,11.4258],[122.1935,11.4255],[122.1934,11.4247],[122.1924,11.4241],[122.1921,11.4234],[122.1894,11.4225],[122.1877,11.4213],[122.1876,11.4206],[122.1848,11.4188],[122.1833,11.417],[122.1826,11.4146],[122.1817,11.4132],[122.1806,11.4125],[122.1799,11.4118],[122.18,11.4114],[122.179,11.4105],[122.1767,11.4097],[122.176,11.409],[122.174,11.4084],[122.1706,11.4088],[122.1688,11.4095],[122.167,11.4083],[122.1666,11.4083],[122.1647,11.4066],[122.1626,11.4055],[122.1624,11.4046],[122.1618,11.4042]]],"src":"OpenStreetMap"}