{"route":[[121.22818,14.14771],[121.23004,14.14709],[121.23138,14.14794],[121.23127,14.14764],[121.23044,14.14656],[121.23038,14.14594],[121.2307,14.14494],[121.23045,14.14393],[121.23152,14.14414],[121.23215,14.14304],[121.23111,14.1423],[121.22943,14.14116],[121.22905,14.14007],[121.23051,14.13976],[121.23182,14.13873],[121.23081,14.13839],[121.23061,14.13778],[121.22986,14.13708],[121.22968,14.13631],[121.22843,14.1353],[121.22689,14.13582],[121.22573,14.1358],[121.22446,14.13485],[121.22404,14.13378],[121.22164,14.13361],[121.22028,14.13264],[121.21948,14.13164],[121.21822,14.13094],[121.21705,14.13073],[121.21538,14.1311],[121.2119,14.12963],[121.21039,14.12936],[121.20952,14.12927],[121.20932,14.13026],[121.20894,14.13167],[121.20848,14.13282],[121.20792,14.13375],[121.2077,14.1351],[121.20689,14.13559],[121.20581,14.13666],[121.20538,14.1377],[121.20459,14.13874],[121.20365,14.1384],[121.20239,14.13693],[121.20105,14.13668],[121.20181,14.13796],[121.20095,14.1383],[121.20018,14.13891],[121.19923,14.13859],[121.19896,14.13897],[121.19756,14.13775],[121.19664,14.13769],[121.19606,14.13639],[121.19484,14.13567],[121.19455,14.13567]],"ele":[263,186,168,168,223,223,270,281,262,302,314,349,364,324,341,373,390,415,414,427,418,422,421,419,421,425,438,448,455,472,503,534,558,571,612,610,644,610,643,705,703,685,685,748,790,754,776,762,799,811,856,887,970,1079,1079],"dist_km":8.7,"ascent_m":927,"net":[[[121.2259,14.1609],[121.2258,14.161]],[[121.2241,14.1577],[121.224,14.1578]],[[121.2296,14.1565],[121.2295,14.1566]],[[121.2288,14.1565],[121.2289,14.1565]],[[121.2338,14.1513],[121.2322,14.1484],[121.2304,14.1466],[121.2299,14.1465],[121.2304,14.1459],[121.2308,14.1447],[121.2304,14.1439],[121.2317,14.1442],[121.2323,14.1436],[121.2321,14.1429],[121.2293,14.1409],[121.2292,14.1398],[121.231,14.1397],[121.2318,14.1387],[121.2302,14.1381],[121.2306,14.1378],[121.2306,14.1371],[121.2295,14.137],[121.2296,14.1362],[121.2284,14.1353],[121.2265,14.1359],[121.2257,14.1358],[121.2245,14.1349],[121.224,14.1338],[121.2232,14.1339],[121.2216,14.1336],[121.2203,14.1326],[121.2195,14.1316],[121.2182,14.1309],[121.217,14.1307],[121.2154,14.1311],[121.21,14.1291]],[[121.2356,14.1539],[121.2354,14.154]],[[121.2362,14.154],[121.2361,14.1539]],[[121.2356,14.1539],[121.2361,14.1539]],[[121.2352,14.152],[121.2353,14.152]],[[121.21,14.1291],[121.2095,14.1293],[121.2098,14.13],[121.2093,14.1303],[121.2095,14.1312],[121.2089,14.1317],[121.2085,14.1328],[121.2087,14.1332],[121.2079,14.1338],[121.2082,14.1344],[121.2077,14.1351],[121.2069,14.1352],[121.2069,14.1356],[121.2058,14.1367],[121.2054,14.1385],[121.2044,14.139],[121.2024,14.1369],[121.201,14.1367],[121.2018,14.1382],[121.2012,14.1381],[121.201,14.1385],[121.2002,14.1389],[121.1993,14.1384],[121.1994,14.139],[121.199,14.1394],[121.1987,14.1387],[121.1981,14.1385],[121.1976,14.1378],[121.1969,14.138],[121.1961,14.1364],[121.1948,14.1357],[121.1942,14.1359],[121.1939,14.1357]],[[121.1801,14.1173],[121.1812,14.1187],[121.1824,14.1211]],[[121.2282,14.1477],[121.2291,14.1478],[121.2303,14.1471],[121.2319,14.1481]],[[121.2345,14.1522],[121.2352,14.1522]],[[121.1991,14.1192],[121.1993,14.1183],[121.201,14.1162],[121.2009,14.1157],[121.2014,14.1148],[121.2013,14.1141],[121.202,14.1126],[121.2033,14.1114],[121.2036,14.1089],[121.2032,14.1058],[121.2026,14.1055],[121.2022,14.1036],[121.2011,14.1021],[121.1999,14.1011]],[[121.2299,14.1128],[121.2305,14.114],[121.2288,14.1163],[121.2275,14.1174]],[[121.2137,14.1731],[121.2137,14.1721],[121.2144,14.1718]],[[121.2346,14.1521],[121.2346,14.152]],[[121.1595,14.1531],[121.1594,14.1531]],[[121.1594,14.1531],[121.1588,14.1528],[121.158,14.1516],[121.1572,14.151],[121.1543,14.1514],[121.1533,14.1519],[121.1527,14.1518]],[[121.1596,14.1531],[121.1607,14.1523]],[[121.2349,14.1544],[121.2349,14.1532]],[[121.2119,14.1732],[121.2118,14.1736]],[[121.1914,14.1699],[121.1913,14.1699]],[[121.1911,14.1699],[121.1911,14.1698]],[[121.1913,14.1699],[121.1913,14.1699]],[[121.1913,14.1699],[121.1911,14.1699]],[[121.191,14.1698],[121.1911,14.1698]],[[121.1912,14.1705],[121.1912,14.1705]],[[121.1913,14.1703],[121.1911,14.1703]],[[121.1912,14.1705],[121.1913,14.1704]],[[121.1913,14.1699],[121.1913,14.1699]],[[121.1913,14.1704],[121.1912,14.1704]],[[121.1902,14.1687],[121.1904,14.168],[121.192,14.1687],[121.1918,14.1681],[121.1924,14.1667],[121.1929,14.1667],[121.1928,14.1662]],[[121.1913,14.1702],[121.1911,14.1703]],[[121.1912,14.1705],[121.1912,14.1702]],[[121.1913,14.1702],[121.1912,14.1701]],[[121.1911,14.1699],[121.1912,14.1702]],[[121.1913,14.1702],[121.1913,14.1704]],[[121.1913,14.1702],[121.1913,14.1699]],[[121.235,14.1524],[121.235,14.1524]],[[121.2344,14.1522],[121.2343,14.1522]],[[121.2257,14.1358],[121.2237,14.1367],[121.2226,14.1366],[121.2222,14.1373],[121.2217,14.1372],[121.2212,14.1366]],[[121.226,14.1613],[121.2264,14.1619],[121.2278,14.1626]],[[121.2231,14.1608],[121.222,14.1593],[121.2222,14.159],[121.2231,14.1589]],[[121.2279,14.1631],[121.2288,14.1637],[121.2289,14.165],[121.2302,14.1663]],[[121.1939,14.1357],[121.1921,14.1355],[121.1905,14.1348],[121.1902,14.135],[121.1894,14.1349],[121.1889,14.1345],[121.1884,14.1347],[121.1878,14.1343],[121.1861,14.1341],[121.1854,14.1343],[121.1846,14.1338],[121.1847,14.133],[121.1841,14.1319],[121.1847,14.1316],[121.1846,14.1313],[121.1849,14.1306],[121.1857,14.1304],[121.1866,14.1299],[121.1868,14.13],[121.1873,14.1293],[121.1869,14.1287],[121.187,14.1282],[121.1868,14.1274],[121.1844,14.1246],[121.1843,14.1221],[121.1841,14.1217],[121.1824,14.121],[121.1829,14.1222],[121.1822,14.1223],[121.1821,14.123],[121.181,14.1231],[121.1808,14.1235],[121.18,14.1234],[121.1771,14.1196]],[[121.1883,14.1064],[121.1884,14.1069],[121.1867,14.1106],[121.1873,14.1138],[121.1869,14.1141],[121.1866,14.1153],[121.1861,14.1155],[121.1859,14.1162],[121.1859,14.1185],[121.1863,14.1194],[121.1857,14.12],[121.1836,14.1199],[121.1828,14.121]],[[121.1631,14.165],[121.1629,14.1649]],[[121.1654,14.162],[121.1646,14.1631]],[[121.1636,14.1608],[121.1635,14.1606],[121.1634,14.1609],[121.1636,14.1608]],[[121.1632,14.1609],[121.1634,14.1609]],[[121.1634,14.1605],[121.1635,14.1606]],[[121.1638,14.1608],[121.1636,14.1608]],[[121.1625,14.1649],[121.1631,14.165],[121.1627,14.1654]],[[121.1628,14.1649],[121.1627,14.1651]],[[121.1645,14.1631],[121.1644,14.1633]],[[121.1644,14.1633],[121.1637,14.1638],[121.1638,14.1641],[121.1635,14.1646],[121.163,14.1648]],[[121.1627,14.165],[121.1628,14.1652]],[[121.1645,14.1631],[121.1645,14.1631]],[[121.2039,14.105],[121.2024,14.1029],[121.2008,14.1014],[121.2009,14.1001]],[[121.2048,14.1064],[121.2058,14.1065]],[[121.2048,14.1064],[121.2042,14.106],[121.2039,14.105]],[[121.2009,14.1001],[121.2004,14.0974]],[[121.2059,14.1082],[121.2055,14.1073],[121.2048,14.1064]],[[121.2228,14.169],[121.2236,14.1698]],[[121.2233,14.1704],[121.2237,14.1704]],[[121.1591,14.1313],[121.1591,14.1295],[121.1584,14.1294],[121.1583,14.1291],[121.1586,14.1285],[121.1596,14.1283],[121.1597,14.1279],[121.1601,14.1277],[121.1603,14.1266]],[[121.1771,14.1196],[121.1762,14.1192],[121.1754,14.1184],[121.1752,14.1177],[121.174,14.1163],[121.1742,14.1142]],[[121.1777,14.1727],[121.1777,14.1728]],[[121.1778,14.1727],[121.1777,14.1727]],[[121.1898,14.1748],[121.1899,14.175]],[[121.18,14.1675],[121.1807,14.1678],[121.1809,14.1684]],[[121.1923,14.1725],[121.1928,14.1726],[121.1935,14.1718],[121.1933,14.1706],[121.1941,14.1698],[121.1938,14.166]],[[121.2136,14.108],[121.2145,14.1092],[121.2159,14.1091],[121.2172,14.1098],[121.2195,14.1101],[121.22,14.1099],[121.2199,14.1092],[121.2202,14.1096]],[[121.1743,14.1141],[121.1746,14.1134],[121.1757,14.1126]],[[121.1492,14.1383],[121.1495,14.1384]],[[121.1607,14.1485],[121.1611,14.1476],[121.1602,14.1471]],[[121.1611,14.1478],[121.162,14.1486]],[[121.1609,14.1126],[121.1613,14.1118]],[[121.1622,14.1099],[121.1626,14.1101],[121.1625,14.1106]],[[121.1583,14.1168],[121.1603,14.1174],[121.1609,14.1179]],[[121.1581,14.1172],[121.1587,14.1169]],