{"route":[[121.22923,14.02278],[121.22987,14.02156],[121.22974,14.02074],[121.22975,14.01957],[121.23036,14.01767],[121.23139,14.01676],[121.232,14.01552],[121.23227,14.0141],[121.23185,14.01298],[121.23131,14.0117],[121.23141,14.0104],[121.23242,14.01014],[121.2333,14.00948],[121.23435,14.00946],[121.23539,14.00883],[121.23625,14.00919],[121.23734,14.00829],[121.23763,14.00781],[121.23781,14.00666],[121.23862,14.00568],[121.23881,14.00441],[121.23924,14.00366],[121.24037,14.00227],[121.24088,14.00124],[121.2408,14.00053],[121.24037,13.9993],[121.24082,13.99824],[121.24033,13.99718],[121.23937,13.99645],[121.23732,13.99544],[121.23562,13.99533],[121.23545,13.9945],[121.23602,13.99354],[121.23567,13.99214],[121.23596,13.99128],[121.23612,13.99037],[121.23679,13.98994],[121.23763,13.99038],[121.23882,13.99058],[121.23885,13.9895],[121.23948,13.98873],[121.24034,13.98828],[121.23905,13.98748],[121.23898,13.98579],[121.23894,13.98451],[121.23938,13.98306],[121.23959,13.98197],[121.24078,13.98159],[121.24141,13.9804],[121.2414,13.97916],[121.24052,13.97837],[121.23988,13.97745],[121.23838,13.97715],[121.23715,13.97723],[121.23681,13.97673],[121.23675,13.97527],[121.23591,13.97417],[121.23607,13.97375],[121.23715,13.97363],[121.23801,13.97275],[121.23842,13.97117],[121.23813,13.97012],[121.23777,13.96904],[121.23798,13.96807],[121.23849,13.96727],[121.2395,13.96712],[121.24033,13.96686],[121.24115,13.96621],[121.2416,13.96501],[121.24186,13.96356],[121.24093,13.96318],[121.23957,13.96343],[121.23971,13.96328]],"ele":[302,306,311,320,384,417,455,475,493,514,551,523,556,564,558,513,536,510,495,481,494,451,440,445,493,514,548,568,564,654,703,695,734,679,701,692,674,642,622,638,661,692,712,651,637,645,642,662,665,686,669,702,698,675,675,621,591,579,583,593,645,670,714,737,791,837,885,899,906,956,966,923,974],"dist_km":11.0,"ascent_m":997,"net":[[[121.2398,13.9633],[121.2396,13.9634],[121.2399,13.9635],[121.2411,13.9631]],[[121.2396,13.9633],[121.2397,13.9633]],[[121.2236,13.9882],[121.227,13.9896],[121.2287,13.9898],[121.2293,13.9906]],[[121.2241,13.9845],[121.2228,13.9841],[121.2215,13.9843],[121.2209,13.9847],[121.2201,13.9859]],[[121.2301,13.9929],[121.2301,13.9935]],[[121.2301,13.9929],[121.2307,13.9927],[121.2312,13.9934],[121.2324,13.9939],[121.233,13.9954],[121.2341,13.9954],[121.2345,13.995],[121.2353,13.9953]],[[121.2361,13.9939],[121.2356,13.9918]],[[121.2155,13.9255],[121.2161,13.9257]],[[121.2356,13.9918],[121.2359,13.9918],[121.2362,13.9898],[121.2376,13.9904],[121.2383,13.9902],[121.2388,13.9906],[121.2389,13.9895],[121.2395,13.9887],[121.2402,13.9887],[121.2403,13.9881],[121.239,13.9875],[121.2389,13.9845],[121.2394,13.984],[121.2393,13.9828],[121.2396,13.982],[121.2408,13.9816],[121.2414,13.9804],[121.2415,13.9794],[121.241,13.9788]],[[121.2397,13.967],[121.2394,13.9673],[121.2385,13.9673],[121.2385,13.9678],[121.2377,13.9682],[121.238,13.9693]],[[121.2479,13.9694],[121.2441,13.9703],[121.2423,13.9702],[121.2413,13.9687],[121.2403,13.968],[121.241,13.9672],[121.2406,13.9664]],[[121.2356,13.9736],[121.237,13.9737],[121.2379,13.9733],[121.2379,13.9725],[121.2384,13.9712],[121.2379,13.9706],[121.2381,13.9701],[121.238,13.969],[121.2394,13.9686],[121.2394,13.9683],[121.2397,13.9685],[121.2398,13.968],[121.2402,13.9679],[121.2396,13.9669],[121.2403,13.9669],[121.2413,13.9661],[121.2418,13.9647]],[[121.2419,13.9636],[121.2419,13.9636]],[[121.2329,13.9735],[121.2317,13.9732],[121.2314,13.9735]],[[121.2331,13.991],[121.233,13.9911]],[[121.241,13.9788],[121.2402,13.9797],[121.2394,13.9799],[121.2389,13.9806],[121.2368,13.9803],[121.236,13.9815],[121.2353,13.9819],[121.2343,13.9816],[121.2329,13.9818],[121.2321,13.9813],[121.2321,13.982],[121.2332,13.9848],[121.2332,13.9871],[121.2339,13.9885],[121.2311,13.9894],[121.2296,13.9889],[121.2287,13.9898]],[[121.241,13.9788],[121.2405,13.9784],[121.2402,13.9775],[121.2365,13.977],[121.2365,13.9767],[121.2372,13.9766],[121.2373,13.9762],[121.2368,13.9753],[121.2369,13.9747],[121.2359,13.9742],[121.2356,13.9736]],[[121.2356,13.9918],[121.235,13.9919],[121.2335,13.991],[121.232,13.9912],[121.2313,13.9907],[121.2303,13.9913],[121.2293,13.9906]],[[121.2145,13.9738],[121.213,13.9731]],[[121.1983,13.9667],[121.1978,13.9663],[121.1977,13.9657],[121.1971,13.9656],[121.1964,13.9624]],[[121.1964,13.9624],[121.1965,13.962],[121.1953,13.961],[121.1949,13.9601],[121.1944,13.9598],[121.1939,13.9598],[121.1937,13.9602],[121.194,13.9614],[121.1954,13.963]],[[121.2569,13.9685],[121.2548,13.9692],[121.254,13.9703],[121.2518,13.9701],[121.2486,13.9693],[121.2479,13.9694]],[[121.272,13.9765],[121.2688,13.975],[121.2684,13.9745],[121.2663,13.9743],[121.2656,13.9746],[121.2654,13.9743],[121.2642,13.9743],[121.2638,13.974]],[[121.2403,13.968],[121.2402,13.9679]],[[121.2638,13.974],[121.2627,13.9744],[121.2621,13.9743],[121.2613,13.9722],[121.2616,13.9716],[121.2615,13.9707],[121.2588,13.9706],[121.2594,13.9692],[121.2586,13.9688],[121.2569,13.9685]],[[121.2173,13.9383],[121.2167,13.9385],[121.2182,13.9385],[121.2176,13.9387],[121.2183,13.9388],[121.2187,13.9392],[121.2185,13.9397],[121.2194,13.9397],[121.2194,13.9403],[121.2202,13.9411]],[[121.1901,13.9621],[121.1903,13.9627],[121.1918,13.963],[121.1924,13.9638],[121.1931,13.9641],[121.1934,13.9652],[121.1944,13.9657],[121.1947,13.9677],[121.195,13.9677],[121.1951,13.9673]],[[121.2045,13.9459],[121.2039,13.9459]],[[121.2067,13.9714],[121.2067,13.9717]],[[121.213,13.9581],[121.2133,13.9582]],[[121.2191,13.923],[121.2192,13.9229]],[[121.2353,13.9953],[121.2354,13.9945],[121.2361,13.9939]],[[121.2258,13.9734],[121.2273,13.9737],[121.2344,13.9735],[121.2349,13.9742],[121.2354,13.9735],[121.2356,13.9736]],[[121.2411,13.9631],[121.2419,13.9635],[121.2418,13.9647]],[[121.2386,14.0054],[121.239,14.0055],[121.2395,14.0063],[121.2408,14.007],[121.2408,14.0075]],[[121.2433,13.9242],[121.2438,13.9245],[121.2428,13.9249],[121.243,13.9276],[121.2437,13.9277],[121.2438,13.9284],[121.2443,13.9292],[121.2444,13.9296],[121.244,13.9306],[121.2446,13.9309],[121.2452,13.9325],[121.2451,13.9338],[121.2458,13.9351],[121.2456,13.9359],[121.246,13.9371],[121.2474,13.9381],[121.2477,13.9386],[121.2472,13.9405],[121.2479,13.9423],[121.2476,13.9454],[121.2483,13.9456],[121.2485,13.9463],[121.2498,13.9474],[121.2508,13.9472],[121.2511,13.9484],[121.2511,13.9504],[121.2518,13.9512],[121.2521,13.952],[121.2527,13.9524],[121.2522,13.9529],[121.2521,13.9541],[121.2518,13.9544],[121.2508,13.9545],[121.2505,13.9553],[121.2496,13.9559],[121.2491,13.9573],[121.2493,13.9582],[121.2489,13.9592],[121.2481,13.9593],[121.2468,13.9614],[121.2443,13.9616],[121.2411,13.9631]],[[121.2353,13.9953],[121.2373,13.9954],[121.2387,13.996],[121.2408,13.9974],[121.2408,13.9982],[121.2403,13.9985],[121.2403,13.9991],[121.241,13.9998],[121.2408,14.0005],[121.2412,14.0007],[121.2407,14.001],[121.2409,14.0012],[121.2404,14.0023],[121.2389,14.0038],[121.239,14.0041],[121.2386,14.0057],[121.2375,14.0073],[121.238,14.0084],[121.2369,14.0084],[121.236,14.0094],[121.2352,14.0089],[121.2341,14.0098],[121.2335,14.0094],[121.2326,14.0103],[121.2316,14.0101],[121.2314,14.0104],[121.2314,14.0122],[121.2324,14.0147],[121.2319,14.0162],[121.2304,14.0177],[121.2298,14.0196],[121.2297,14.0207],[121.23,14.0207],[121.2301,14.021],[121.2292,14.0228]],[[121.2143,13.9867],[121.2137,13.9866]],[[121.2293,13.9906],[121.2301,13.9929]],[[121.2206,13.9857],[121.2222,13.9862],[121.2225,13.9869],[121.2236,13.9882]],[[121.2196,13.9861],[121.2206,13.9857]],[[121.2089,13.9823],[121.208,13.9841]],[[121.2083,13.9415],[121.2063,13.9408],[121.2065,13.9396],[121.2059,13.9393],[121.2051,13.9398],[121.2043,13.9399],[121.2046,13.9419],[121.2043,13.9425],[121.2036,13.9425],[121.2038,13.9443],[121.2027,13.9444],[121.2002,13.9437]],[[121.2062,13.9394],[121.2067,13.9396],[121.2071,13.9393],[121.2068,13.9383],[121.2073,13.9381],[121.2077,13.9375],[121.207,13.9373],[121.2067,13.9376],[121.2063,13.9372],[121.2061,13.9356],[121.2056,13.9348],[121.2052,13.9354],[121.2049,13.935],