{"route":[[121.24333,13.92419],[121.24301,13.9247],[121.24278,13.92583],[121.24301,13.92706],[121.24368,13.92765],[121.24433,13.92918],[121.24408,13.93019],[121.24463,13.93092],[121.24518,13.93247],[121.24515,13.93381],[121.24584,13.93511],[121.24576,13.93659],[121.24646,13.93761],[121.24771,13.93863],[121.2473,13.93961],[121.24721,13.94084],[121.24793,13.94233],[121.24763,13.94543],[121.2485,13.94632],[121.24931,13.94697],[121.25055,13.94712],[121.25112,13.94838],[121.25114,13.95044],[121.25209,13.952],[121.25224,13.9529],[121.25213,13.95412],[121.25081,13.95452],[121.24959,13.9559],[121.24932,13.95682],[121.2493,13.95824],[121.24866,13.95931],[121.24785,13.95981],[121.24714,13.96065],[121.24625,13.96153],[121.24428,13.96158],[121.24316,13.96207],[121.24198,13.96262],[121.24174,13.9633],[121.24176,13.96443],[121.24157,13.96534],[121.24061,13.96641],[121.23982,13.96685],[121.23875,13.9672],[121.23798,13.96807],[121.23777,13.96904],[121.23813,13.97012],[121.23842,13.97117],[121.23786,13.97249],[121.2376,13.97361],[121.23607,13.97375],[121.23591,13.97417],[121.23685,13.97473],[121.23732,13.97622],[121.23641,13.97679],[121.23755,13.97727],[121.23909,13.97749],[121.24021,13.97754],[121.2414,13.97916],[121.24141,13.9804],[121.24078,13.98159],[121.23959,13.98197],[121.23938,13.98306],[121.23931,13.98418],[121.23907,13.9852],[121.23911,13.98692],[121.23966,13.98794],[121.2402,13.9887],[121.23938,13.98908],[121.23867,13.98987],[121.23802,13.99012],[121.23699,13.99024],[121.23614,13.98992],[121.23616,13.99096],[121.23559,13.99177],[121.23604,13.99286],[121.23606,13.99371]],"ele":[239,261,243,245,285,344,332,377,401,422,451,435,495,521,553,609,639,672,695,740,772,771,799,810,813,836,865,863,905,951,949,946,934,968,929,931,969,969,944,906,902,837,791,737,714,670,645,610,585,579,591,611,636,659,687,698,695,686,665,662,642,645,662,651,712,706,669,661,638,642,675,678,701,679,733,734],"dist_km":11.8,"ascent_m":966,"net":[[[121.2398,13.9633],[121.2396,13.9634],[121.2399,13.9635],[121.2411,13.9631]],[[121.2396,13.9633],[121.2397,13.9633]],[[121.2236,13.9882],[121.227,13.9896],[121.2287,13.9898],[121.2293,13.9906]],[[121.2241,13.9845],[121.2228,13.9841],[121.2215,13.9843],[121.2209,13.9847],[121.2201,13.9859]],[[121.2301,13.9929],[121.2301,13.9935]],[[121.2301,13.9929],[121.2307,13.9927],[121.2312,13.9934],[121.2324,13.9939],[121.233,13.9954],[121.2341,13.9954],[121.2345,13.995],[121.2353,13.9953]],[[121.2361,13.9939],[121.2356,13.9918]],[[121.2356,13.9918],[121.2359,13.9918],[121.2362,13.9898],[121.2376,13.9904],[121.2383,13.9902],[121.2388,13.9906],[121.2389,13.9895],[121.2395,13.9887],[121.2402,13.9887],[121.2403,13.9881],[121.239,13.9875],[121.2389,13.9845],[121.2394,13.984],[121.2393,13.9828],[121.2396,13.982],[121.2408,13.9816],[121.2414,13.9804],[121.2415,13.9794],[121.241,13.9788]],[[121.2397,13.967],[121.2394,13.9673],[121.2385,13.9673],[121.2385,13.9678],[121.2377,13.9682],[121.238,13.9693]],[[121.2479,13.9694],[121.2441,13.9703],[121.2423,13.9702],[121.2413,13.9687],[121.2403,13.968],[121.241,13.9672],[121.2406,13.9664]],[[121.2356,13.9736],[121.237,13.9737],[121.2379,13.9733],[121.2379,13.9725],[121.2384,13.9712],[121.2379,13.9706],[121.2381,13.9701],[121.238,13.969],[121.2394,13.9686],[121.2394,13.9683],[121.2397,13.9685],[121.2398,13.968],[121.2402,13.9679],[121.2396,13.9669],[121.2403,13.9669],[121.2413,13.9661],[121.2418,13.9647]],[[121.2419,13.9636],[121.2419,13.9636]],[[121.2329,13.9735],[121.2317,13.9732],[121.2314,13.9735]],[[121.2331,13.991],[121.233,13.9911]],[[121.241,13.9788],[121.2402,13.9797],[121.2394,13.9799],[121.2389,13.9806],[121.2368,13.9803],[121.236,13.9815],[121.2353,13.9819],[121.2343,13.9816],[121.2329,13.9818],[121.2321,13.9813],[121.2321,13.982],[121.2332,13.9848],[121.2332,13.9871],[121.2339,13.9885],[121.2311,13.9894],[121.2296,13.9889],[121.2287,13.9898]],[[121.241,13.9788],[121.2405,13.9784],[121.2402,13.9775],[121.2365,13.977],[121.2365,13.9767],[121.2372,13.9766],[121.2373,13.9762],[121.2368,13.9753],[121.2369,13.9747],[121.2359,13.9742],[121.2356,13.9736]],[[121.2356,13.9918],[121.235,13.9919],[121.2335,13.991],[121.232,13.9912],[121.2313,13.9907],[121.2303,13.9913],[121.2293,13.9906]],[[121.2145,13.9738],[121.213,13.9731]],[[121.1841,13.9819],[121.1839,13.9823],[121.1842,13.9825],[121.1937,13.987]],[[121.1896,13.9937],[121.1899,13.9937],[121.1937,13.987],[121.1958,13.9881]],[[121.2001,13.9961],[121.1997,13.996],[121.1994,13.9964]],[[121.1985,13.9956],[121.1998,13.9966]],[[121.1994,13.9964],[121.1991,13.9966]],[[121.2569,13.9685],[121.2548,13.9692],[121.254,13.9703],[121.2518,13.9701],[121.2486,13.9693],[121.2479,13.9694]],[[121.272,13.9765],[121.2688,13.975],[121.2684,13.9745],[121.2663,13.9743],[121.2656,13.9746],[121.2654,13.9743],[121.2642,13.9743],[121.2638,13.974]],[[121.2403,13.968],[121.2402,13.9679]],[[121.2638,13.974],[121.2627,13.9744],[121.2621,13.9743],[121.2613,13.9722],[121.2616,13.9716],[121.2615,13.9707],[121.2588,13.9706],[121.2594,13.9692],[121.2586,13.9688],[121.2569,13.9685]],[[121.1875,13.9925],[121.1914,13.986]],[[121.1899,14.0008],[121.1905,14.0003]],[[121.1974,13.9862],[121.1949,13.9849]],[[121.1906,14.0003],[121.1905,14.0003]],[[121.2654,14.028],[121.2656,14.0278]],[[121.2067,13.9714],[121.2067,13.9717]],[[121.198,13.9879],[121.1982,13.9881]],[[121.213,13.9581],[121.2133,13.9582]],[[121.1896,13.9937],[121.1907,13.9958],[121.192,13.9964],[121.1926,13.9953]],[[121.2001,13.9891],[121.2008,13.9894]],[[121.2353,13.9953],[121.2354,13.9945],[121.2361,13.9939]],[[121.2258,13.9734],[121.2273,13.9737],[121.2344,13.9735],[121.2349,13.9742],[121.2354,13.9735],[121.2356,13.9736]],[[121.2411,13.9631],[121.2419,13.9635],[121.2418,13.9647]],[[121.2386,14.0054],[121.239,14.0055],[121.2395,14.0063],[121.2408,14.007],[121.2408,14.0075]],[[121.2433,13.9242],[121.2438,13.9245],[121.2428,13.9249],[121.243,13.9276],[121.2437,13.9277],[121.2438,13.9284],[121.2443,13.9292],[121.2444,13.9296],[121.244,13.9306],[121.2446,13.9309],[121.2452,13.9325],[121.2451,13.9338],[121.2458,13.9351],[121.2456,13.9359],[121.246,13.9371],[121.2474,13.9381],[121.2477,13.9386],[121.2472,13.9405],[121.2479,13.9423],[121.2476,13.9454],[121.2483,13.9456],[121.2485,13.9463],[121.2498,13.9474],[121.2508,13.9472],[121.2511,13.9484],[121.2511,13.9504],[121.2518,13.9512],[121.2521,13.952],[121.2527,13.9524],[121.2522,13.9529],[121.2521,13.9541],[121.2518,13.9544],[121.2508,13.9545],[121.2505,13.9553],[121.2496,13.9559],[121.2491,13.9573],[121.2493,13.9582],[121.2489,13.9592],[121.2481,13.9593],[121.2468,13.9614],[121.2443,13.9616],[121.2411,13.9631]],[[121.2353,13.9953],[121.2373,13.9954],[121.2387,13.996],[121.2408,13.9974],[121.2408,13.9982],[121.2403,13.9985],[121.2403,13.9991],[121.241,13.9998],[121.2408,14.0005],[121.2412,14.0007],[121.2407,14.001],[121.2409,14.0012],[121.2404,14.0023],[121.2389,14.0038],[121.239,14.0041],[121.2386,14.0057],[121.2375,14.0073],[121.238,14.0084],[121.2369,14.0084],[121.236,14.0094],[121.2352,14.0089],[121.2341,14.0098],[121.2335,14.0094],[121.2326,14.0103],[121.2316,14.0101],[121.2314,14.0104],[121.2314,14.0122],[121.2324,14.0147],[121.2319,14.0162],[121.2304,14.0177],[121.2298,14.0196],[121.2297,14.0207],[121.23,14.0207],[121.2301,14.021],[121.2292,14.0228]],[[121.2143,13.9867],[121.2137,13.9866]],[[121.2293,13.9906],[121.2301,13.9929]],[[121.2206,13.9857],[121.2222,13.9862],[121.2225,13.9869],[121.2236,13.9882]],[[121.2196,13.9861],[121.2206,13.9857]],[[121.2089,13.9823],[121.208,13.9841]],[[121.207,13.9843],[121.2068,13.985]],[[121.207,13.9846],[121.2065,13.9847],[121.2067,13.985]],[[121.2152,13.9551],[121.2177,13.9557]],[[121.2036,13.9726],[121.2039,13.9733]],[[121.2067,13.9717],[121.2063,13.9715],[121.2064,13.9713]],[[121.2063,13.9714],[121.2067,13.9715]],[[121.2067,13.9716],[121.2068,13.9714]],[[121.1996,13.9687],[121.2001,13.9682],[121.1991,13.9668],[121.1984,13.9667],[121.1982,13.9672]],[[121.1995,13.9684],[121.1995,13.9683]],[[121.1991,13.9686],[121.1995,13.9684],[121.1994,13.969]],[[121.1965,13.9665],