{"route":[[123.22713,10.60189],[123.22839,10.60102],[123.22832,10.5995],[123.22862,10.59871],[123.23023,10.59791],[123.23139,10.59777],[123.23243,10.59903],[123.23324,10.59787],[123.23317,10.59648],[123.23415,10.5949],[123.23454,10.59634],[123.23509,10.59731],[123.2351,10.59896],[123.23494,10.60099],[123.23455,10.6022],[123.23436,10.60337],[123.23271,10.60417],[123.23161,10.60649],[123.23121,10.60888],[123.23092,10.61103],[123.23114,10.61281],[123.23182,10.61408],[123.23168,10.61597],[123.23191,10.61832],[123.2323,10.6195],[123.23222,10.62122],[123.23195,10.62476],[123.23199,10.62651],[123.23256,10.62763],[123.23425,10.62899],[123.23463,10.63036],[123.23308,10.63023],[123.23087,10.63037],[123.22978,10.63093],[123.23205,10.63342],[123.23588,10.63289],[123.23712,10.63296],[123.23827,10.63474],[123.23874,10.63699],[123.23887,10.63826],[123.23807,10.63894],[123.23677,10.63805],[123.23583,10.63718]],"ele":[879,862,849,862,879,886,858,828,815,872,912,928,956,943,951,971,1063,1083,1119,1211,1257,1295,1335,1312,1319,1349,1419,1417,1476,1461,1520,1592,1626,1635,1611,1702,1712,1761,1770,1783,1773,1831,1869],"dist_km":8.5,"ascent_m":1034,"net":[[[123.246,10.6038],[123.2468,10.6031],[123.2474,10.602],[123.2476,10.6],[123.2484,10.5982],[123.2504,10.5957],[123.2514,10.5952]],[[123.2514,10.5952],[123.252,10.5946]],[[123.2349,10.5858],[123.2348,10.5875],[123.2337,10.5889],[123.2341,10.5896],[123.2342,10.5915],[123.2347,10.5923],[123.2347,10.5935],[123.2342,10.5948],[123.2335,10.5956],[123.2332,10.5965],[123.2332,10.5979],[123.2324,10.599],[123.2314,10.5978],[123.2306,10.5975],[123.2295,10.5986],[123.2285,10.5987],[123.2284,10.601],[123.2271,10.6019]],[[123.2341,10.5949],[123.2341,10.5959],[123.2351,10.5973],[123.2349,10.601],[123.2344,10.6034],[123.2335,10.6036],[123.2327,10.6042],[123.2316,10.6065],[123.2309,10.6117],[123.2318,10.6141],[123.2317,10.616],[123.2319,10.6183],[123.2323,10.6195],[123.2324,10.6223],[123.232,10.6248],[123.232,10.6265],[123.2326,10.6276],[123.2342,10.629],[123.2346,10.6304],[123.2309,10.6304],[123.2299,10.6306],[123.2298,10.6309],[123.2321,10.6334],[123.2359,10.6329],[123.2374,10.6331],[123.2385,10.6354],[123.2389,10.6383],[123.2381,10.6389],[123.2358,10.6372]]],"src":"OpenStreetMap"}