{"route":[[117.69005,8.7013],[117.68907,8.70215],[117.68868,8.70323],[117.68851,8.70481],[117.68787,8.70629],[117.68644,8.70676],[117.68545,8.70754],[117.68459,8.70821],[117.68365,8.70873],[117.68263,8.7083],[117.68174,8.70898],[117.68125,8.71056],[117.68068,8.71314],[117.68025,8.7148],[117.6801,8.71592],[117.67862,8.71824],[117.67797,8.71923],[117.67701,8.71983],[117.67617,8.7204],[117.67464,8.72181],[117.67479,8.72307],[117.67543,8.72399],[117.67573,8.72567],[117.67652,8.72687],[117.67595,8.7279],[117.67544,8.72893],[117.67533,8.73027],[117.67423,8.73066],[117.67321,8.73146],[117.67283,8.73251],[117.67244,8.73365],[117.6717,8.7354],[117.67098,8.73756],[117.66989,8.73812],[117.66854,8.73832],[117.66729,8.73869],[117.66635,8.73987],[117.66559,8.74094],[117.66416,8.7414],[117.66268,8.74195],[117.66142,8.74268],[117.66046,8.74428],[117.65936,8.74472],[117.65812,8.74583],[117.6571,8.74694],[117.65646,8.74808],[117.65632,8.7499],[117.65653,8.75114],[117.65723,8.75226],[117.65728,8.75355],[117.65731,8.75503],[117.65747,8.7564],[117.65831,8.75734],[117.65948,8.75835],[117.66044,8.75911],[117.66163,8.75983],[117.66241,8.76089],[117.66241,8.7622],[117.66165,8.76329],[117.66117,8.76493],[117.66101,8.76615],[117.65957,8.76705],[117.65791,8.768],[117.6575,8.76961],[117.65791,8.77062],[117.65881,8.77103],[117.6586,8.77208],[117.65993,8.77443],[117.66001,8.77591],[117.66038,8.77779],[117.65968,8.77885],[117.65903,8.7797],[117.6591,8.78082],[117.65915,8.78205],[117.65862,8.78358],[117.65798,8.78468],[117.65644,8.78575],[117.65593,8.78683],[117.65568,8.78773],[117.65567,8.78886],[117.65484,8.79],[117.65385,8.79085],[117.65371,8.79222],[117.65327,8.79334],[117.65324,8.79497],[117.65531,8.7974],[117.65691,8.80007],[117.65798,8.80072],[117.65803,8.80223],[117.65697,8.80391],[117.65709,8.80533],[117.65733,8.80648],[117.65856,8.80743],[117.65907,8.80846],[117.65955,8.80945],[117.66004,8.8103],[117.66129,8.81066],[117.66243,8.81126],[117.66346,8.81172],[117.66472,8.81196],[117.66661,8.81189],[117.66822,8.81123]],"ele":[41,50,53,75,121,165,195,214,247,271,325,358,404,456,510,547,580,594,613,627,615,627,661,694,721,751,785,809,809,830,767,823,794,815,810,838,867,924,936,938,951,1015,1038,1046,1107,1073,1091,1146,1159,1149,1251,1186,1220,1217,1240,1200,1162,1131,1151,1184,1214,1286,1349,1375,1374,1363,1310,1278,1358,1465,1488,1474,1501,1546,1602,1604,1596,1586,1550,1556,1532,1506,1502,1475,1468,1462,1389,1427,1436,1437,1421,1381,1373,1413,1462,1515,1557,1578,1632,1680,1767,1874],"dist_km":17.4,"ascent_m":2177,"net":[[[117.586,8.8435],[117.5855,8.8423],[117.5844,8.8406],[117.5843,8.8393],[117.5849,8.8388],[117.586,8.8383],[117.5871,8.8371],[117.5877,8.8369],[117.5888,8.8359],[117.5901,8.8336],[117.5901,8.8316],[117.5907,8.8311],[117.5911,8.8298],[117.592,8.8286],[117.5922,8.8278],[117.593,8.8273],[117.5941,8.8276],[117.5953,8.8272],[117.5973,8.8261],[117.5976,8.825],[117.5976,8.8222],[117.597,8.8195],[117.5974,8.8191],[117.5981,8.8168],[117.5991,8.8163],[117.5994,8.8156],[117.6011,8.8153],[117.6009,8.8142],[117.6003,8.8134],[117.601,8.8118],[117.6021,8.8114],[117.604,8.8115],[117.6053,8.8103],[117.6061,8.81],[117.608,8.8082],[117.6098,8.8077],[117.6113,8.8078],[117.6124,8.8075],[117.6143,8.8052],[117.6161,8.8044],[117.6167,8.8036],[117.6184,8.8035],[117.6211,8.8018],[117.6236,8.8011],[117.6249,8.801],[117.6264,8.8015],[117.6268,8.8012],[117.6282,8.8015],[117.6286,8.802],[117.6295,8.8022],[117.6298,8.8031],[117.6306,8.8035],[117.6313,8.805],[117.6322,8.8052],[117.6335,8.8076],[117.6348,8.8078],[117.6351,8.8083],[117.6364,8.809],[117.6382,8.8116],[117.6427,8.8123],[117.6437,8.8123],[117.6457,8.8114],[117.6485,8.8117],[117.6494,8.8124],[117.651,8.8127],[117.6522,8.8111],[117.6546,8.8116],[117.6586,8.8114],[117.6604,8.8116],[117.6613,8.8113],[117.6624,8.8114],[117.6626,8.8111],[117.6637,8.8119],[117.6666,8.8119],[117.6682,8.8112],[117.6685,8.8107],[117.6683,8.81],[117.6691,8.8091],[117.6692,8.8083],[117.6703,8.8069],[117.6709,8.8067]],[[117.6624,8.8113],[117.6598,8.8101],[117.6595,8.8099],[117.6596,8.8089],[117.6591,8.8085],[117.6586,8.8074],[117.6573,8.8065],[117.6567,8.8048],[117.6575,8.8029],[117.658,8.8022],[117.658,8.8007],[117.6569,8.8001],[117.6561,8.7981],[117.6532,8.7949],[117.6533,8.7933],[117.6536,8.7926],[117.6539,8.7909],[117.6557,8.7889],[117.6556,8.7879],[117.656,8.7875],[117.6558,8.7862],[117.6564,8.7857],[117.657,8.7847],[117.658,8.7847],[117.6583,8.7843],[117.6593,8.7814],[117.659,8.7797],[117.6593,8.7792],[117.6604,8.7784],[117.6598,8.7754],[117.6599,8.7744],[117.6586,8.7721],[117.6589,8.7711],[117.6576,8.7704],[117.6572,8.7687],[117.6579,8.768],[117.6608,8.7666],[117.6612,8.7642],[117.6616,8.7633],[117.6623,8.7629],[117.6628,8.7615],[117.6614,8.7593],[117.6604,8.7591],[117.6575,8.7564],[117.6573,8.755],[117.6575,8.7541],[117.6572,8.7523],[117.6564,8.7516],[117.6565,8.7481],[117.6574,8.7464],[117.6594,8.7447],[117.6605,8.7443],[117.6617,8.742],[117.6642,8.7414],[117.6652,8.7415],[117.6666,8.7393],[117.6673,8.7387],[117.6683,8.7382],[117.6695,8.7384],[117.6702,8.7378],[117.671,8.7376],[117.6713,8.7362],[117.6722,8.7344],[117.6725,8.7327],[117.6729,8.7324],[117.673,8.7316],[117.674,8.7313],[117.6744,8.731],[117.6744,8.7305],[117.6753,8.7303],[117.6754,8.7289],[117.6765,8.7272],[117.6763,8.7261],[117.6757,8.7257],[117.6754,8.724],[117.6748,8.7231],[117.6746,8.7218],[117.6765,8.7198],[117.678,8.7195],[117.68,8.7165],[117.68,8.7154],[117.6817,8.709],[117.6826,8.7083],[117.6837,8.7087],[117.6842,8.7086],[117.6864,8.7068],[117.6879,8.7063],[117.6885,8.7048],[117.6889,8.7025],[117.69,8.7013]]],"src":"OpenStreetMap"}