{"route":[[125.04637,6.32245],[125.04676,6.32343],[125.04701,6.32438],[125.04754,6.32541],[125.0484,6.32693],[125.04838,6.32811],[125.04903,6.33019],[125.04936,6.3312],[125.04887,6.33317],[125.04909,6.33448],[125.04992,6.33569],[125.05151,6.33629],[125.05348,6.3372],[125.05528,6.33851],[125.05612,6.33837],[125.05674,6.33919],[125.0578,6.33954],[125.05894,6.3402],[125.05971,6.34105],[125.06073,6.34157],[125.0619,6.34249],[125.06307,6.34339],[125.06371,6.34425],[125.06486,6.34574],[125.06585,6.34673],[125.06625,6.34817],[125.06743,6.34855],[125.06835,6.34908],[125.06938,6.34952],[125.07029,6.35051],[125.07083,6.35157],[125.07097,6.35307],[125.07138,6.35418],[125.07188,6.35549],[125.07255,6.35636],[125.07309,6.35748],[125.07461,6.35763],[125.07531,6.35878],[125.07598,6.35964],[125.0762,6.36003]],"ele":[846,835,850,874,904,917,939,953,973,969,987,1029,1065,1093,1105,1121,1132,1155,1173,1193,1228,1261,1283,1317,1385,1371,1409,1469,1508,1554,1611,1674,1765,1831,1898,1940,2110,2216,2282,2249],"dist_km":6.2,"ascent_m":1425,"net":[[[125.077,6.3162],[125.0772,6.316],[125.0779,6.3163],[125.0783,6.316],[125.0794,6.3134],[125.0794,6.3122],[125.0797,6.3112],[125.0794,6.3089],[125.0787,6.3084],[125.0782,6.3071],[125.0783,6.3067],[125.079,6.3063],[125.0793,6.3053],[125.0799,6.3047],[125.0797,6.3021],[125.0792,6.3001],[125.0786,6.2899],[125.0788,6.2893],[125.0812,6.2868],[125.0815,6.2852],[125.081,6.2825],[125.0804,6.281],[125.0805,6.279],[125.0801,6.2783],[125.0811,6.2771],[125.081,6.2758],[125.0821,6.2744],[125.0823,6.2737],[125.082,6.2727],[125.0766,6.2677]],[[125.0453,6.3503],[125.0463,6.351],[125.0474,6.3514],[125.0474,6.3519],[125.049,6.3519],[125.0506,6.3523],[125.0516,6.3523],[125.0522,6.3519],[125.0525,6.351],[125.0538,6.3503],[125.0556,6.3504],[125.0563,6.3511],[125.0574,6.3506],[125.0585,6.3509],[125.0602,6.3504],[125.0606,6.3506],[125.062,6.3503],[125.063,6.3506],[125.0668,6.3531],[125.0679,6.3544],[125.069,6.3553],[125.0692,6.3559],[125.069,6.3561],[125.0699,6.357],[125.0726,6.3573],[125.0733,6.3581],[125.0739,6.3584],[125.0744,6.3583],[125.0751,6.3588],[125.0758,6.36]],[[125.0541,6.3503],[125.0538,6.351]],[[125.087,6.3332],[125.0882,6.3312],[125.0882,6.3302],[125.0887,6.3291],[125.0893,6.326],[125.0904,6.3232]],[[125.0829,6.3358],[125.0834,6.3356],[125.0846,6.3365],[125.0854,6.3357],[125.0856,6.3365],[125.0865,6.3355],[125.087,6.3331],[125.0876,6.3337],[125.0891,6.3329],[125.0898,6.3311],[125.0887,6.3291]],[[125.0759,6.3599],[125.0746,6.3576],[125.0731,6.3575],[125.0725,6.3564],[125.0718,6.3558],[125.0704,6.3522],[125.0709,6.3514],[125.0703,6.3505],[125.0694,6.3495],[125.0671,6.3484],[125.0663,6.3483],[125.0659,6.3467],[125.0649,6.3461],[125.0643,6.3449],[125.0638,6.3446],[125.0638,6.3441],[125.0625,6.3428]],[[125.0725,6.3153],[125.0716,6.312],[125.0714,6.306],[125.0699,6.3045],[125.0698,6.3026],[125.0694,6.3021],[125.0695,6.3016],[125.0684,6.3015]],[[125.071,6.3153],[125.0711,6.3149],[125.0717,6.3153]],[[125.0741,6.2966],[125.0755,6.3008],[125.0771,6.3024],[125.0766,6.3033],[125.0766,6.3067],[125.0753,6.3105],[125.0736,6.3126],[125.0741,6.3136],[125.0743,6.3147],[125.0734,6.3153]],[[125.0724,6.3149],[125.0737,6.3149],[125.0739,6.3165]],[[125.0643,6.4016],[125.0632,6.4032],[125.0631,6.4038],[125.0636,6.4086],[125.0639,6.4089]],[[125.0631,6.3436],[125.0643,6.3433],[125.0654,6.3434],[125.0666,6.344],[125.0673,6.3435],[125.0687,6.3457],[125.0688,6.3462],[125.0695,6.347],[125.0701,6.3471],[125.0702,6.3486],[125.0694,6.3495]],[[125.0903,6.4054],[125.0858,6.4048],[125.0852,6.4043],[125.0849,6.4036],[125.0851,6.4032]],[[125.0849,6.4036],[125.0831,6.4032]],[[125.0752,6.4096],[125.075,6.4074],[125.0763,6.4054],[125.0763,6.4047]],[[125.0763,6.4047],[125.0775,6.4049],[125.0778,6.4042]],[[125.0778,6.4042],[125.0788,6.3998]],[[125.0475,6.3516],[125.0481,6.3513],[125.0491,6.3519]],[[125.0499,6.3946],[125.0496,6.3945]],[[125.0491,6.3952],[125.0497,6.3946]],[[125.0486,6.3956],[125.0498,6.3947]],[[125.0429,6.3476],[125.0437,6.347],[125.0439,6.3463],[125.0435,6.3452],[125.0437,6.3447],[125.0442,6.3443],[125.0451,6.345],[125.045,6.344],[125.0455,6.3435],[125.0464,6.3441]],[[125.0438,6.349],[125.0437,6.3484],[125.0429,6.3476]],[[125.0442,6.3443],[125.0431,6.3419],[125.043,6.3406],[125.0419,6.3401]],[[125.091,6.3328],[125.0916,6.3333],[125.092,6.3361]],[[125.1011,6.3327],[125.0994,6.3321],[125.0991,6.3308],[125.0996,6.3305]],[[125.1003,6.3323],[125.1004,6.3315]],[[125.0991,6.3308],[125.099,6.33],[125.0998,6.3273],[125.1012,6.3265],[125.1018,6.3265]],[[125.099,6.33],[125.0975,6.3279],[125.0971,6.3293],[125.0974,6.3303]],[[125.0975,6.3279],[125.0972,6.3268],[125.0962,6.3268]],[[125.102,6.3304],[125.1025,6.3296],[125.1025,6.3283],[125.1018,6.3265]],[[125.104,6.3228],[125.1039,6.3236],[125.1047,6.325],[125.1044,6.3261],[125.1063,6.3274]],[[125.0955,6.3294],[125.0953,6.328],[125.0945,6.3264],[125.0948,6.3256]],[[125.0946,6.3261],[125.0944,6.3254],[125.0953,6.3243],[125.0957,6.3232]],[[125.0904,6.3232],[125.0917,6.3207],[125.0917,6.3185],[125.0922,6.3169],[125.0921,6.3153]],[[125.0656,6.4037],[125.066,6.4026]],[[125.073,6.343],[125.072,6.3426],[125.0722,6.3423],[125.072,6.3419],[125.0725,6.3421]],[[125.045,6.3606],[125.0454,6.3611],[125.0463,6.3614]],[[125.0914,6.3331],[125.091,6.3315],[125.0913,6.3311]],[[125.0912,6.3329],[125.0909,6.3322]],[[125.0911,6.3313],[125.0906,6.3315]],[[125.091,6.3251],[125.091,6.3243],[125.0901,6.3237]],[[125.091,6.3222],[125.0917,6.3224],[125.0918,6.3234]],[[125.0924,6.3197],[125.0922,6.318],[125.0919,6.3178]],[[125.1035,6.3329],[125.1034,6.3324],[125.1028,6.3317],[125.1031,6.3314]],[[125.1032,6.3313],[125.1027,6.3312]],[[125.0908,6.3371],[125.0912,6.3363],[125.092,6.3357]],[[125.0921,6.3371],[125.092,6.3361]],[[125.0656,6.4037],[125.0654,6.4043]],[[125.1049,6.3265],[125.1057,6.326],[125.1068,6.3267]],[[125.0436,6.3366],[125.0434,6.337]],[[125.0414,6.3342],[125.0405,6.3341]],[[125.0398,6.3351],[125.0397,6.333]],[[125.0664,6.3869],[125.0665,6.3849],[125.0671,6.3815]],[[125.067,6.3946],[125.0673,6.3912],[125.0668,6.3898],[125.0668,6.3886],[125.0664,6.3869]],[[125.0647,6.4017],[125.0644,6.4009],[125.0633,6.4009],[125.0629,6.4013],[125.0627,6.403],[125.0624,6.4032]],[[125.0454,6.3372],[125.0456,6.3364],[125.0455,6.3359]],[[125.0946,6.3261],[125.0952,6.3264],[125.0959,6.3263],[125.0962,6.3268]],[[125.0898,6.3311],[125.0903,6.3313]],[[125.0906,6.3315],[125.0909,6.3322]],[[125.0906,6.3315],[125.0903,6.3313]],[[125.0909,6.3322],[125.0903,6.3325]],[[125.0921,6.3371],[125.0927,6.338],[125.0935,6.3376],[125.0939,6.337],[125.0943,6.3379]],[[125.0838,6.3142],[125.0846,6.3144],[125.0852,6.3164]],[[125.0898,6.3162],[125.0896,6.3175],[125.0902,6.3199],[125.0917,6.3198]],[[125.0767,6.3084],[125.0756,6.3123],[125.0763,6.3125],[125.0764,6.3142],[125.0773,6.3148],[125.0772,6.316]],[[125.0825,6.3132],[125.0825,6.3138],[125.0819,6.3147],[125.0828,6.318],[125.0827,6.3187],[125.0822,6.3192],[125.0821,6.3213],[125.0842,6.323]],[[125.0802,6.3129],[125.0796,6.3145],[125.0798,6.3149],[125.0803,6.3148],[125.0811,6.3153],[125.081,6.3162],[125.0815,6.3169],[125.0815,6.3176],[125.0819,6.3183],[125.0817,6.3192],[125.0823,6.32]],[[125.0842,6.323],[125.0856,6.3241],[125.086,6.3248],[125.086,6.3253],[125.0853,6.3262],[125.0856,6.3269],[125.0846,6.3278]],[[125.0742,6.3302],[125.0742,6.3319],[125.0754,6.3342],[125.0753,6.3357],[125.075,6.3368]],[[125.0697,6.3336],[125.0701,6.3356]],[[125.0706,6.3337],[125.0704,6.3356],[125.0715,6.3371],[125.0718,6.3384],[125.0716,6.3391],[125.072,6.3405],[125.072,6.3419]],[[125.0803,6.4067],[125.0809,6.4055],[125.0809,6.4048],[125.0806,6.4045],[125.0808,6.4034]],[[125.0814,6.4052],[125.0816,6.4041]],[[125.0827,6.4062],[125.0822,6.4046],[125.0816,6.4041]],[[125.0829,6.4041],[125.0812,6.4039],[125.0807,6.4027]],[[125.0817,6.4041],[125.0816,6.4027]],[[125.0812,6.4036],[125.0813,6.4027]],[[125.0831,6.4028],[125.0851,6.4032]],[[125.083,6.4042],[125.0858,6.4048]],[[125.0829,6.4038],[125.0848,6.4038]],[[125.0851,6.4032],[125.0851,6.4027]],[[125.0791,6.4107],