{"route":[[121.32929,14.61513],[121.32952,14.61683],[121.32922,14.61832],[121.32832,14.61966],[121.32707,14.62038],[121.32711,14.62168],[121.32659,14.62264],[121.32571,14.62287],[121.32466,14.62422],[121.32307,14.62504],[121.32266,14.62607],[121.32338,14.62683],[121.32336,14.62784],[121.32329,14.62887],[121.32394,14.6296],[121.32557,14.62996],[121.32685,14.62978],[121.32723,14.63133],[121.3262,14.63237],[121.32645,14.63345],[121.32589,14.6345],[121.32569,14.63724],[121.32461,14.6389],[121.32427,14.63991],[121.32478,14.64119],[121.32565,14.64142],[121.3275,14.64207],[121.32886,14.64256],[121.32995,14.64288],[121.33089,14.64379],[121.33205,14.64374],[121.33148,14.64482],[121.33099,14.64618],[121.33117,14.64735],[121.33179,14.64837],[121.3321,14.64956],[121.33267,14.65066],[121.33317,14.65159],[121.334,14.65195],[121.33328,14.6527],[121.33345,14.65388],[121.33424,14.65457],[121.3353,14.65551],[121.33616,14.65701],[121.33667,14.65839],[121.33663,14.65965],[121.33781,14.65941],[121.33791,14.66067],[121.33799,14.66182],[121.33883,14.66271],[121.33864,14.66324],[121.33852,14.66365],[121.3382,14.66436],[121.33757,14.66549],[121.33641,14.66641],[121.33511,14.66693],[121.33401,14.66744],[121.33271,14.66761],[121.33098,14.66822],[121.32966,14.66847],[121.32842,14.66822],[121.3274,14.66843],[121.32736,14.66698],[121.3272,14.66555],[121.32757,14.66377],[121.32647,14.66282],[121.32615,14.66257]],"ele":[493,477,475,455,470,469,471,470,488,492,504,522,547,551,578,614,636,620,639,700,712,738,725,712,673,659,556,548,506,450,420,488,552,561,574,615,651,677,636,655,623,614,595,531,460,460,400,365,320,271,271,298,364,380,432,415,444,471,454,482,533,576,529,535,614,616,616],"dist_km":10.4,"ascent_m":800,"net":[[[121.2949,14.662],[121.2949,14.6626],[121.2945,14.663],[121.2944,14.6644],[121.2936,14.6663]],[[121.3149,14.6681],[121.3124,14.6666],[121.3117,14.6667],[121.3108,14.6675],[121.3099,14.6676]],[[121.3022,14.6802],[121.3017,14.6819],[121.3006,14.6825],[121.2999,14.6837],[121.3004,14.6847],[121.2998,14.686]],[[121.3086,14.6982],[121.3082,14.6986],[121.3073,14.6985]],[[121.3048,14.6684],[121.3046,14.6694],[121.3051,14.6708],[121.3043,14.672],[121.3043,14.6725]],[[121.3054,14.6663],[121.3056,14.667]],[[121.31,14.6741],[121.3099,14.6744],[121.3105,14.6748],[121.3103,14.6753],[121.3108,14.6754],[121.3107,14.6771]],[[121.3056,14.667],[121.3046,14.6672],[121.3037,14.6669]],[[121.309,14.7082],[121.3076,14.7062],[121.3088,14.7052],[121.308,14.7031]],[[121.3167,14.7041],[121.3162,14.7035],[121.3152,14.7029],[121.314,14.7001],[121.313,14.6992],[121.3127,14.6985],[121.3131,14.6964],[121.3128,14.6942],[121.3133,14.6926],[121.3132,14.6918]],[[121.3108,14.6927],[121.3108,14.6916],[121.3098,14.6904],[121.3092,14.6912],[121.3069,14.692],[121.3057,14.6916],[121.3045,14.6916]],[[121.3078,14.6729],[121.3099,14.6733],[121.31,14.6741]],[[121.3056,14.667],[121.3057,14.6678],[121.3048,14.6683],[121.305,14.6688]],[[121.2992,14.6864],[121.2981,14.6876],[121.298,14.6885],[121.2986,14.6894],[121.2983,14.6906],[121.2994,14.6919],[121.3009,14.6924],[121.3008,14.6929]],[[121.31,14.6741],[121.3103,14.6736],[121.3125,14.6726],[121.3127,14.6716],[121.3134,14.6712],[121.3139,14.6701],[121.3143,14.6699],[121.3144,14.6693],[121.3151,14.6686],[121.3149,14.6681]],[[121.3186,14.6745],[121.3177,14.6748],[121.3174,14.6745],[121.3169,14.675],[121.3163,14.6748],[121.3159,14.6754],[121.3144,14.6763],[121.3129,14.6795]],[[121.3228,14.6571],[121.3232,14.6579],[121.3232,14.6591],[121.3222,14.6603],[121.3213,14.6606],[121.3214,14.6611],[121.3217,14.6614],[121.3213,14.6624],[121.3208,14.6626],[121.3204,14.6642],[121.3195,14.6641],[121.3191,14.6644],[121.3192,14.6653],[121.3186,14.6658],[121.3183,14.6666],[121.3174,14.6663],[121.3169,14.6668],[121.3166,14.6674],[121.317,14.6687],[121.3159,14.6679],[121.3149,14.6681]],[[121.3062,14.6809],[121.3057,14.6799]],[[121.3307,14.6901],[121.3322,14.69],[121.3325,14.6892]],[[121.307,14.6665],[121.3075,14.666]],[[121.3064,14.6651],[121.3071,14.6646]],[[121.3126,14.6645],[121.3134,14.6637],[121.3138,14.6624],[121.3144,14.6621]],[[121.3075,14.6632],[121.3078,14.6628]],[[121.3098,14.666],[121.31,14.666]],[[121.3102,14.6655],[121.31,14.666]],[[121.295,14.6621],[121.2956,14.6625],[121.2956,14.6632]],[[121.3072,14.6627],[121.3077,14.6634]],[[121.3156,14.7031],[121.317,14.703],[121.3185,14.7033]],[[121.3665,14.6444],[121.3688,14.6441],[121.371,14.6423],[121.3716,14.6408],[121.3721,14.6407],[121.3724,14.6403],[121.3752,14.6347],[121.3754,14.6334],[121.3762,14.6328],[121.3767,14.6318],[121.3787,14.6307],[121.379,14.6299],[121.3824,14.6289],[121.3849,14.6263]],[[121.332,14.6437],[121.3289,14.6442],[121.3279,14.645],[121.3264,14.6454],[121.3256,14.6447],[121.3244,14.6451],[121.3242,14.6449],[121.3239,14.6443],[121.3242,14.6431],[121.3224,14.6434],[121.3212,14.6428],[121.3209,14.6424],[121.3212,14.6416],[121.3238,14.6399],[121.3239,14.6392],[121.3246,14.6389],[121.3257,14.6372],[121.3257,14.635],[121.3264,14.6335],[121.326,14.6327],[121.3272,14.6313],[121.327,14.6298],[121.326,14.6302],[121.3236,14.6296],[121.3232,14.629],[121.3236,14.6284],[121.3234,14.6278],[121.3237,14.6275],[121.3233,14.6263],[121.3227,14.6261],[121.3226,14.6256],[121.3231,14.625],[121.324,14.6249],[121.3257,14.6229],[121.3266,14.6231],[121.3271,14.6217],[121.3268,14.6207],[121.3283,14.6197],[121.3292,14.6183],[121.3295,14.6168],[121.3293,14.6151]],[[121.3429,14.6636],[121.3417,14.6633],[121.3405,14.6636],[121.3386,14.6632],[121.3366,14.6635],[121.3346,14.6622],[121.3345,14.6614],[121.3334,14.6597],[121.3316,14.6594],[121.3299,14.6583]],[[121.3446,14.636],[121.3466,14.6358],[121.3473,14.6351],[121.3477,14.6351]],[[121.3494,14.6411],[121.3504,14.6404]],[[121.3065,14.6919],[121.3064,14.6924],[121.3075,14.6925]],[[121.3023,14.6975],[121.3028,14.6976]],[[121.2998,14.6924],[121.3,14.6921]],[[121.3024,14.6813],[121.3022,14.6816]],[[121.3097,14.6841],[121.3106,14.6842],[121.3112,14.6835]],[[121.3573,14.6493],[121.3573,14.6496]],[[121.3553,14.6488],[121.3552,14.6485]],[[121.3556,14.6493],[121.3554,14.6493],[121.3553,14.6488]],[[121.3552,14.6485],[121.3537,14.649],[121.3534,14.6488]],[[121.3661,14.6446],[121.3669,14.6424]],[[121.3391,14.6634],[121.3378,14.6615],[121.3378,14.6594],[121.3369,14.6598],[121.3365,14.6594],[121.3366,14.6577],[121.3357,14.656],[121.3342,14.6546],[121.3336,14.6544],[121.3331,14.6534],[121.3333,14.6527],[121.3335,14.6521],[121.3345,14.6514],[121.3351,14.6501],[121.3357,14.65],[121.3356,14.6487],[121.3366,14.6474],[121.338,14.6461],[121.3401,14.6457],[121.3413,14.6447],[121.3417,14.644],[121.3415,14.6412],[121.3418,14.6398],[121.3433,14.6391],[121.344,14.6393],[121.3444,14.6391],[121.3445,14.6383],[121.344,14.6378],[121.3446,14.6374],[121.3441,14.6368],[121.3451,14.634],[121.3445,14.6326],[121.3455,14.6325],[121.3459,14.6328],[121.3468,14.6322]],[[121.3459,14.6322],[121.3465,14.6318]],[[121.332,14.7024],[121.3328,14.7018],[121.333,14.7006]],[[121.3342,14.6792],[121.3343,14.6792]],[[121.334,14.6791],[121.334,14.6789]],[[121.3341,14.6791],[121.334,14.6793]],[[121.3339,14.6791],[121.3342,14.6792]],[[121.2984,14.6965],[121.2984,14.698],[121.2991,14.6993]],[[121.3132,14.6809],[121.3136,14.6809]],[[121.3133,14.6805],[121.3132,14.681]],[[121.3232,14.658],[121.3242,14.6588],[121.3248,14.6589],[121.3251,14.6582],[121.3248,14.658],[121.3248,14.6574],[121.3252,14.6573],[121.3261,14.6584],[121.3261,14.6577],[121.3273,14.6579],[121.3278,14.6577],[121.3292,14.6578],[121.3294,14.6583],[121.3299,14.6583]],[[121.3228,14.6571],[121.3226,14.6561],[121.321,14.6537],[121.3184,14.6519],[121.3176,14.6511],[121.3168,14.6506],[121.3166,14.6502],[121.3155,14.6496],[121.3151,14.6483],[121.3138,14.6467],[121.3136,14.6456]],[[121.2998,14.686],[121.2992,14.6864]],[[121.313,14.6967],[121.3138,14.6971],[121.3145,14.6968],[121.3154,14.6967],[121.3173,14.6973],[121.3193,14.6974]],[[121.3193,14.6974],[121.3191,14.6977],[121.3193,14.698],[121.321,14.6989],[121.3227,14.6981]],[[121.3169,14.6687],[121.3172,14.669],[121.3192,14.6738],