{"route":[[122.14329,11.26733],[122.14517,11.26616],[122.14611,11.2656],[122.14839,11.26566],[122.14909,11.2663],[122.15003,11.26707],[122.15116,11.26749],[122.15241,11.26809],[122.15322,11.2689],[122.15409,11.26962],[122.15517,11.26871],[122.15609,11.26794],[122.15748,11.26731],[122.15844,11.26674],[122.15957,11.26621],[122.16098,11.26564],[122.16214,11.26512],[122.16399,11.26536],[122.16512,11.2658],[122.16639,11.26569],[122.16771,11.26529],[122.16894,11.26544],[122.17034,11.26488],[122.17143,11.26431],[122.17212,11.26325],[122.17264,11.26232],[122.17394,11.26149],[122.17645,11.2617],[122.17793,11.2616],[122.17893,11.26248],[122.18065,11.2635],[122.18175,11.26317],[122.18238,11.26225],[122.18342,11.2627],[122.18484,11.26302],[122.18595,11.26274],[122.18646,11.26147],[122.18807,11.26114],[122.18911,11.26065],[122.19051,11.26039],[122.19165,11.26011],[122.19312,11.25992],[122.19392,11.25845],[122.19514,11.2576],[122.19604,11.25669],[122.19736,11.25628],[122.19841,11.25712],[122.19959,11.2576],[122.20049,11.25831],[122.20145,11.25916],[122.20289,11.25974],[122.20434,11.26014],[122.20511,11.26113],[122.20496,11.26241],[122.20559,11.26374],[122.20625,11.26524],[122.20651,11.26644],[122.20625,11.26755],[122.20631,11.26785]],"ele":[271,325,320,385,450,553,573,656,742,797,791,834,872,848,907,963,962,1039,1139,1180,1231,1264,1371,1405,1503,1591,1638,1599,1648,1591,1517,1568,1515,1486,1493,1553,1603,1627,1671,1648,1628,1676,1674,1666,1741,1817,1836,1804,1853,1853,1880,1927,1934,1896,1910,1951,1995,2031,2031],"dist_km":9.2,"ascent_m":1869,"net":[[[122.2064,11.268],[122.2064,11.2654],[122.2051,11.2628],[122.2049,11.2602],[122.2015,11.2592],[122.1996,11.2576],[122.1984,11.2571],[122.1974,11.2563],[122.196,11.2567],[122.1939,11.2584],[122.1933,11.2599],[122.1925,11.2597],[122.1909,11.2605],[122.1901,11.2604],[122.1881,11.2611],[122.1868,11.261],[122.1856,11.263],[122.183,11.2628],[122.1826,11.2622],[122.1817,11.2632],[122.1806,11.2635],[122.1795,11.263],[122.1779,11.2616],[122.1747,11.2618],[122.1739,11.2615],[122.1733,11.2617],[122.1726,11.2623],[122.1712,11.2649],[122.1703,11.2649],[122.1699,11.2653],[122.1689,11.2654],[122.1677,11.2653],[122.1651,11.2658],[122.1621,11.2651],[122.1603,11.2656],[122.1575,11.2673],[122.1566,11.2675],[122.1541,11.2696],[122.1532,11.2691],[122.1529,11.2682],[122.1521,11.2676],[122.1506,11.2674],[122.1489,11.266],[122.1484,11.266],[122.1484,11.2657],[122.1471,11.2654],[122.1461,11.2656],[122.1433,11.2673]]],"src":"OpenStreetMap"}