{"route":[[120.99852,16.86768],[120.99818,16.86662],[120.99738,16.86583],[120.99768,16.86466],[120.99689,16.86333],[120.99631,16.86205],[120.99534,16.861],[120.9946,16.86019],[120.99356,16.85927],[120.9925,16.85866],[120.99186,16.85781],[120.99093,16.85698],[120.98935,16.85601],[120.98811,16.85565],[120.98713,16.85533],[120.98635,16.85408],[120.98418,16.85337],[120.9824,16.85334],[120.98094,16.85335],[120.97965,16.85308],[120.97709,16.85277],[120.97567,16.85286],[120.97325,16.85295],[120.97213,16.85383],[120.97098,16.85403],[120.96979,16.85409],[120.96888,16.85332],[120.9679,16.8528],[120.96719,16.85163],[120.96657,16.85055],[120.96626,16.84935],[120.9656,16.84827],[120.9646,16.84757],[120.96461,16.84647],[120.96468,16.84538],[120.96465,16.84416],[120.9638,16.84351],[120.9629,16.84236],[120.96236,16.84103],[120.96181,16.84025],[120.96075,16.83958],[120.96098,16.83858],[120.96076,16.83782],[120.95977,16.83677],[120.95935,16.83567],[120.95817,16.83469],[120.95797,16.83383],[120.95835,16.83266],[120.95898,16.83178],[120.96002,16.83061],[120.96047,16.83081]],"ele":[1187,1298,1306,1351,1389,1439,1446,1460,1527,1592,1630,1691,1712,1827,1853,1864,1872,1939,1944,2055,2042,2128,2196,2197,2226,2243,2249,2228,2235,2203,2248,2296,2290,2304,2285,2298,2244,2277,2300,2336,2394,2425,2483,2472,2557,2558,2588,2593,2598,2595,2595],"dist_km":8.1,"ascent_m":1398,"net":[[[121.0028,16.8351],[121.0025,16.8354],[121.0023,16.8348],[120.9997,16.8327],[120.9981,16.8329],[120.9976,16.8333],[120.9959,16.8333],[120.9921,16.8346],[120.9906,16.8345],[120.9902,16.8338],[120.9893,16.8343],[120.9883,16.8343],[120.9878,16.8347],[120.9818,16.8349],[120.9812,16.8343],[120.9794,16.8341],[120.9772,16.833],[120.9761,16.8331],[120.9753,16.8336],[120.9735,16.8332],[120.9724,16.8333],[120.9715,16.8326],[120.9702,16.8323],[120.9693,16.8315],[120.9669,16.8309],[120.9652,16.83],[120.9642,16.8305],[120.9627,16.8306],[120.962,16.8313],[120.96,16.8306],[120.9584,16.8327],[120.9584,16.8332],[120.9578,16.8342],[120.9594,16.8357],[120.96,16.8375],[120.9602,16.8374],[120.9602,16.8377],[120.9608,16.8378],[120.9612,16.8383],[120.9608,16.8396],[120.9608,16.8402],[120.9623,16.8404],[120.9622,16.8417],[120.9624,16.8421],[120.9638,16.8435],[120.9641,16.8433],[120.9641,16.8436],[120.9646,16.8442],[120.9646,16.8476],[120.966,16.8486],[120.9668,16.8511],[120.9679,16.8528],[120.9685,16.8528],[120.9691,16.8537],[120.9705,16.8542],[120.9713,16.8537],[120.9721,16.8538],[120.9733,16.853],[120.9751,16.8531],[120.9764,16.8527],[120.9787,16.8532],[120.9802,16.853],[120.9816,16.8535],[120.9842,16.8534],[120.9861,16.8538],[120.9869,16.8552],[120.9879,16.8552],[120.9887,16.856],[120.9902,16.8563],[120.9906,16.8568],[120.9925,16.8582],[120.9928,16.8591],[120.9941,16.8595],[120.9957,16.8612],[120.9977,16.8647],[120.9974,16.866],[120.9983,16.8668],[120.9985,16.8677]],[[121.0062,16.8277],[121.0066,16.827],[121.0076,16.8278],[121.0085,16.8273],[121.0084,16.827],[121.0088,16.8268],[121.0087,16.8261],[121.0094,16.8258],[121.0091,16.8255],[121.0096,16.8246],[121.0108,16.8236],[121.011,16.8228],[121.0115,16.8229],[121.0114,16.8223],[121.0119,16.8225],[121.0123,16.8222],[121.012,16.822],[121.0127,16.8217],[121.012,16.8219],[121.0119,16.8214],[121.0128,16.8213],[121.0132,16.8206],[121.0131,16.8201],[121.0138,16.8189],[121.0133,16.8183],[121.0138,16.8173],[121.0147,16.8175],[121.0153,16.8182],[121.0154,16.8179],[121.0159,16.8179],[121.0161,16.8173],[121.0172,16.8173],[121.0177,16.8167],[121.0178,16.8144],[121.0194,16.8149],[121.0208,16.8141],[121.0205,16.8137],[121.0206,16.8135]],[[121.0028,16.8333],[121.0021,16.8326],[121.0023,16.8319],[121.0018,16.8316]],[[120.9374,16.7945],[120.9362,16.7928],[120.9348,16.7927]],[[121.0047,16.8372],[121.0042,16.8367]],[[120.9882,16.7964],[120.9888,16.7963]],[[120.9882,16.7977],[120.9893,16.797],[120.9899,16.7971]],[[120.9908,16.7984],[120.9906,16.799],[120.9912,16.799],[120.9917,16.7983]],[[121.0016,16.8367],[121.0019,16.8375],[121.0015,16.8378]]],"src":"OpenStreetMap"}