{"route":[[120.4156,14.74213],[120.41448,14.7417],[120.4129,14.74139],[120.41152,14.74161],[120.40961,14.7423],[120.4083,14.74277],[120.40706,14.74228],[120.405,14.74111],[120.4034,14.74069],[120.40224,14.74012],[120.40127,14.73936],[120.39957,14.73924],[120.39819,14.7392],[120.39844,14.73832],[120.3997,14.73728],[120.3999,14.73604],[120.39822,14.73564],[120.39756,14.73502],[120.39858,14.73401],[120.3993,14.73361],[120.39975,14.73312],[120.39912,14.73185],[120.39947,14.73067],[120.39922,14.72958],[120.39867,14.72875],[120.40062,14.72664],[120.40109,14.72493],[120.40189,14.72402],[120.40188,14.7228],[120.40267,14.72206],[120.40167,14.72099],[120.40124,14.72018],[120.40045,14.71944],[120.39948,14.71862],[120.39839,14.71775],[120.39737,14.71695],[120.39693,14.71578],[120.39617,14.71493],[120.39499,14.71491],[120.39365,14.71476],[120.39258,14.71415],[120.39365,14.71296],[120.39516,14.71262],[120.3967,14.71241],[120.39771,14.71216],[120.39865,14.71159],[120.39887,14.71152]],"ele":[556,559,627,640,701,692,727,755,783,781,821,807,839,820,805,778,747,747,736,759,723,693,710,718,755,797,840,844,861,883,878,930,908,898,897,883,901,937,895,802,851,890,877,965,1007,1025,1025],"dist_km":7.3,"ascent_m":670,"net":[[[120.4156,14.7421],[120.4133,14.7418],[120.4114,14.742],[120.409,14.7435],[120.4087,14.7442],[120.4065,14.7427],[120.4058,14.742],[120.4049,14.7421],[120.4044,14.7416],[120.4038,14.7417],[120.4029,14.7411],[120.4021,14.7414],[120.4014,14.7405],[120.4005,14.7406],[120.4001,14.7402],[120.3995,14.7402],[120.3981,14.7394]],[[120.4155,14.678],[120.4163,14.6786],[120.4162,14.6794],[120.4148,14.6808],[120.4141,14.682],[120.4153,14.6834],[120.4145,14.6844],[120.4148,14.6846],[120.4148,14.6854],[120.4137,14.6866],[120.4138,14.6876],[120.4134,14.6878],[120.412,14.6909],[120.4114,14.6914],[120.4116,14.6916],[120.4104,14.6925],[120.4112,14.6936],[120.4118,14.6961],[120.4116,14.697],[120.4102,14.6978],[120.4103,14.6988],[120.4098,14.6993],[120.4102,14.6996],[120.4059,14.7012],[120.4051,14.7029],[120.4042,14.7039],[120.4021,14.705],[120.4005,14.7063],[120.4005,14.7067],[120.4021,14.707],[120.4012,14.7085],[120.4025,14.7098],[120.4021,14.7103],[120.402,14.7112],[120.4011,14.7117]],[[120.3981,14.7394],[120.398,14.7385],[120.3997,14.7373],[120.3999,14.736],[120.3996,14.7356],[120.3979,14.7357],[120.3976,14.735],[120.3984,14.7345],[120.3986,14.734],[120.3993,14.734],[120.3995,14.7335],[120.4022,14.7343],[120.403,14.7334],[120.4029,14.7323],[120.4022,14.7317],[120.4018,14.7316],[120.4015,14.7322],[120.4007,14.7327],[120.3994,14.7323],[120.3993,14.732],[120.3997,14.7315],[120.3994,14.7305],[120.3996,14.7298],[120.3992,14.7296],[120.3985,14.7296],[120.3986,14.729],[120.4006,14.7266],[120.4011,14.7249],[120.4019,14.724],[120.4019,14.7228],[120.4026,14.7226],[120.4037,14.7231],[120.4039,14.7224],[120.4037,14.7221],[120.4021,14.7214],[120.4017,14.721],[120.4021,14.7209],[120.4019,14.7206],[120.3974,14.717],[120.3973,14.7161],[120.3966,14.715],[120.3936,14.7148],[120.3926,14.7141],[120.3943,14.7126],[120.3981,14.7121],[120.3989,14.7115],[120.4001,14.7116],[120.4007,14.7119],[120.4011,14.7117]],[[120.4154,14.742],[120.4129,14.7414],[120.4115,14.7416],[120.4083,14.7428],[120.405,14.7411],[120.4024,14.7406],[120.4022,14.7401],[120.4013,14.7394],[120.398,14.7391]],[[120.3981,14.7394],[120.3975,14.7399],[120.3974,14.7408],[120.3964,14.7411],[120.3961,14.7425],[120.3952,14.7432],[120.3942,14.7431],[120.3934,14.744],[120.3918,14.7446],[120.392,14.7448],[120.3917,14.7454],[120.3912,14.7453],[120.391,14.7455],[120.3902,14.7454],[120.3901,14.745],[120.3903,14.7452]],[[120.4146,14.7457],[120.4141,14.746],[120.4127,14.7456],[120.4126,14.7458]],[[120.4229,14.7526],[120.4222,14.7516],[120.4222,14.7508],[120.4218,14.7509],[120.4209,14.7516],[120.4193,14.7553],[120.4193,14.7574],[120.4146,14.7572]],[[120.4017,14.7209],[120.4017,14.7203],[120.4038,14.7178],[120.4046,14.7179],[120.4048,14.7173],[120.4058,14.7175]],[[120.4058,14.7175],[120.4062,14.7177],[120.4065,14.7169],[120.408,14.7179],[120.4094,14.7177],[120.4099,14.7173],[120.4105,14.7157],[120.4103,14.7149],[120.4113,14.7139],[120.4118,14.714],[120.4134,14.7132],[120.4147,14.7114],[120.4159,14.7107],[120.416,14.7104],[120.4155,14.7098],[120.416,14.7083],[120.4158,14.7077],[120.4161,14.706],[120.4157,14.7053],[120.4152,14.7053]],[[120.4022,14.7226],[120.4027,14.7223],[120.4024,14.7215]],[[120.3993,14.7279],[120.3994,14.7288],[120.3976,14.7301],[120.3981,14.7306],[120.3987,14.7299],[120.3995,14.7298]],[[120.3995,14.7312],[120.3991,14.7323],[120.4,14.7335]]],"src":"OpenStreetMap"}