{"route":[[123.4143,9.83656],[123.41326,9.83625],[123.41291,9.8357],[123.41369,9.8345],[123.4148,9.83417],[123.41518,9.83312],[123.41645,9.83292],[123.41851,9.83233],[123.41953,9.83142],[123.4198,9.83028],[123.42029,9.82925],[123.42046,9.82777],[123.42058,9.8256],[123.42152,9.82444],[123.42312,9.8242],[123.42457,9.82413],[123.42569,9.82327],[123.42707,9.82278],[123.42797,9.82198],[123.4297,9.8223],[123.43146,9.82166],[123.43244,9.82129],[123.43368,9.82116],[123.43468,9.82054],[123.43525,9.82087],[123.43738,9.82092],[123.43854,9.82069],[123.44,9.82005],[123.44033,9.81874],[123.44172,9.81918],[123.44264,9.82009],[123.44234,9.82012]],"ele":[288,298,295,327,353,366,392,373,426,432,478,492,502,480,498,579,606,660,675,699,746,760,809,812,837,890,905,946,961,992,991,963],"dist_km":5.2,"ascent_m":689,"net":[[[123.415,9.8387],[123.4154,9.8386],[123.4152,9.8378]],[[123.4122,9.8013],[123.4119,9.8019],[123.4108,9.8024],[123.4105,9.8031],[123.4088,9.8031],[123.408,9.804]],[[123.4043,9.8274],[123.4053,9.8274],[123.4072,9.828],[123.409,9.8274]],[[123.4089,9.7989],[123.4086,9.798],[123.4097,9.7973]],[[123.4089,9.7989],[123.4088,9.7995],[123.4094,9.7996],[123.4098,9.8002],[123.4097,9.8006],[123.4089,9.8012],[123.4082,9.8027],[123.408,9.804]],[[123.402,9.8313],[123.4005,9.8316],[123.3998,9.8314],[123.399,9.8323],[123.397,9.8331],[123.3952,9.8325],[123.3936,9.8326],[123.3935,9.8335]],[[123.4182,9.8281],[123.4179,9.829],[123.417,9.8296],[123.4147,9.8304],[123.4141,9.8308]],[[123.4042,9.8345],[123.4048,9.8338]],[[123.4034,9.8341],[123.4048,9.8338]],[[123.4048,9.8338],[123.4083,9.8323],[123.4089,9.8322],[123.4098,9.8325]],[[123.4054,9.8334],[123.4061,9.8329]],[[123.3961,9.8431],[123.3991,9.8422],[123.4012,9.841],[123.4017,9.8395]],[[123.4868,9.8216],[123.4885,9.8221],[123.49,9.8233],[123.4911,9.8255],[123.4945,9.8266],[123.4948,9.8272],[123.4959,9.8273],[123.501,9.8261],[123.5019,9.8256],[123.5041,9.8253],[123.5062,9.8226],[123.5093,9.82],[123.511,9.8187],[123.5131,9.8185]],[[123.442,9.8192],[123.4421,9.8165],[123.4412,9.8151]],[[123.4445,9.8184],[123.4445,9.8187],[123.4442,9.8189],[123.4429,9.8182],[123.4426,9.819]],[[123.4448,9.7848],[123.444,9.7845],[123.4439,9.7838],[123.4432,9.7835]],[[123.4298,9.7769],[123.4313,9.7767],[123.4312,9.7757],[123.4301,9.7747],[123.4304,9.7729],[123.4307,9.7725]],[[123.4548,9.8182],[123.4567,9.8165]],[[123.4373,9.8055],[123.4362,9.8068],[123.436,9.8077],[123.4363,9.8077],[123.4364,9.8073]],[[123.4724,9.8193],[123.4717,9.8192]],[[123.4651,9.8085],[123.4656,9.808]],[[123.4654,9.8091],[123.4654,9.8088]],[[123.4642,9.8107],[123.4636,9.8106]],[[123.4623,9.8131],[123.4625,9.8128]],[[123.4625,9.8128],[123.4633,9.8124]],[[123.4651,9.8138],[123.4646,9.8135]],[[123.4636,9.8106],[123.4633,9.8104]],[[123.4636,9.8106],[123.4636,9.8104]],[[123.4622,9.8586],[123.4621,9.8568]],[[123.4514,9.8335],[123.4516,9.8341],[123.4514,9.8345],[123.4528,9.8367]],[[123.4617,9.8284],[123.461,9.8281],[123.4608,9.8277]],[[123.4339,9.7992],[123.4336,9.7977],[123.4329,9.7967],[123.4303,9.7951],[123.4296,9.7942],[123.4281,9.7941],[123.4265,9.7933],[123.425,9.7918],[123.4236,9.7913],[123.4214,9.7928],[123.4198,9.7931],[123.4182,9.7923],[123.4167,9.7923],[123.4147,9.7916],[123.414,9.7918],[123.4129,9.7936],[123.4128,9.7944],[123.4122,9.7945],[123.412,9.7951],[123.4094,9.7962],[123.4086,9.7958]],[[123.4508,9.8201],[123.4526,9.8199]],[[123.4561,9.8211],[123.456,9.8217]],[[123.4656,9.8393],[123.4634,9.8387]],[[123.4465,9.7914],[123.4459,9.7924]],[[123.4393,9.8177],[123.4387,9.8179],[123.4384,9.8191],[123.4378,9.8198],[123.4378,9.8208],[123.4374,9.8209],[123.4361,9.8206],[123.4354,9.8212]],[[123.4503,9.7919],[123.451,9.7915]],[[123.4505,9.7923],[123.4502,9.7918]],[[123.4142,9.8384],[123.4143,9.8387]],[[123.4203,9.8292],[123.4199,9.8298],[123.4195,9.8314],[123.4185,9.8323]],[[123.4153,9.8372],[123.4156,9.8371]],[[123.4185,9.8323],[123.417,9.8331],[123.4153,9.8329],[123.415,9.8341],[123.4137,9.8345],[123.4123,9.8363],[123.4126,9.8365],[123.414,9.8362],[123.4143,9.8366]],[[123.4393,9.8177],[123.4409,9.819],[123.4426,9.819]],[[123.4378,9.8208],[123.4385,9.8207],[123.4393,9.8201],[123.4401,9.82],[123.4403,9.8187]],[[123.4152,9.8362],[123.4165,9.8365],[123.418,9.8361],[123.4183,9.8356],[123.42,9.8341],[123.4205,9.8325],[123.4204,9.8319],[123.4209,9.8308],[123.4203,9.8297],[123.4202,9.8285],[123.4205,9.826],[123.4217,9.824],[123.4246,9.8241],[123.4251,9.8235],[123.4261,9.8232],[123.4265,9.8228],[123.4271,9.8228],[123.4272,9.8222],[123.4275,9.822],[123.4286,9.8223],[123.4297,9.8223],[123.4316,9.8214],[123.4337,9.8212],[123.4348,9.8202],[123.4352,9.8209],[123.4357,9.8207]],[[123.4318,9.7773],[123.4312,9.7765]],[[123.4652,9.8069],[123.4652,9.8068]],[[123.4651,9.807],[123.4652,9.8069]],[[123.465,9.8071],[123.4651,9.807]],[[123.4446,9.8182],[123.4445,9.8184]],[[123.4447,9.8181],[123.4446,9.8182]],[[123.4447,9.8181],[123.4446,9.8182]],[[123.4431,9.8205],[123.4437,9.8206],[123.4441,9.8214]],[[123.4451,9.8178],[123.4447,9.8181]],[[123.4431,9.8205],[123.4426,9.8201]],[[123.4427,9.8195],[123.4426,9.8201],[123.4423,9.8201]],[[123.4427,9.8195],[123.443,9.8199],[123.4429,9.8202]],[[123.4431,9.8205],[123.4433,9.8214],[123.443,9.8218],[123.4431,9.8227],[123.4435,9.8234],[123.4443,9.8239],[123.4447,9.8235],[123.4454,9.8236],[123.4459,9.8231],[123.4463,9.8231]],[[123.4394,9.8163],[123.4392,9.8161]],[[123.4417,9.8156],[123.4421,9.8145]],[[123.4394,9.8163],[123.4396,9.8172],[123.4392,9.8174],[123.4393,9.8177]],[[123.4341,9.8179],[123.4344,9.8174]],[[123.4143,9.8388],[123.4143,9.8387]],[[123.4143,9.8392],[123.4143,9.8391]],[[123.4143,9.8391],[123.4143,9.8388]],[[123.4152,9.8362],[123.4145,9.8345],[123.4148,9.8342]],[[123.4152,9.8367],[123.4152,9.8362]],[[123.4068,9.8181],[123.4062,9.8177],[123.4064,9.8172]],[[123.4107,9.8185],[123.4121,9.8189],[123.4161,9.8162],[123.4174,9.8162],[123.4201,9.8174],[123.4204,9.8165],[123.4215,9.816],[123.4224,9.8149],[123.4233,9.8147],[123.4252,9.8148],[123.4256,9.8145],[123.4265,9.8155],[123.4276,9.8158],[123.4287,9.8156],[123.4294,9.815]],[[123.4122,9.8013],[123.4128,9.801],[123.4147,9.8015],[123.4155,9.8008],[123.4159,9.8014],[123.4169,9.802],[123.418,9.8009],[123.4198,9.8005],[123.4215,9.8018],[123.4228,9.8014],[123.4236,9.8027],[123.4244,9.8031],[123.4249,9.8031],[123.4255,9.8044],[123.4261,9.8048],[123.4262,9.8054],[123.4272,9.8067],[123.4268,9.8076],[123.4271,9.8083],[123.4281,9.8087],[123.4292,9.8101],[123.43,9.8103],[123.4311,9.8117],[123.4315,9.813],[123.4333,9.8147],[123.4335,9.8153],[123.4338,9.8155],[123.435,9.8155]],[[123.4131,9.8006],[123.4124,9.8006],[123.4122,9.8013]],[[123.4395,9.8159],[123.4394,9.8163]],[[123.4426,9.819],[123.4427,9.8195]],[[123.4352,9.7999],[123.4349,9.7993],[123.4351,9.7989],[123.4356,9.7988],[123.436,9.7991]],[[123.4368,9.7989],[123.4376,9.799],[123.4382,9.7997],[123.4396,9.8002],[123.4403,9.8008],[123.4414,9.8012],[123.4421,9.8018],[123.4433,9.8016],[123.4445,9.8002],[123.445,9.8001],[123.4452,9.7995],[123.4459,9.7994],[123.4463,9.7987],[123.4459,9.7982],[123.4466,9.7969]],[[123.4375,9.8053],[123.4373,9.8055]],[[123.4515,9.7922],[123.4514,9.7915]],[[123.4512,9.7922],[123.4514,9.7921]],[[123.4502,9.7918],[123.4501,9.7913],[123.451,9.7914]],[[123.4432,9.7835],[123.4417,9.7839],[123.4411,9.7838]],[[123.4326,9.7877],[123.432,9.7883],[123.432,9.7876]],[[123.4451,9.8167],[123.4469,9.8171],[123.4492,9.8157],[123.4499,9.8157],[123.45,9.8152],[123.4509,9.8141],[123.4514,9.8139]]],"src":"OpenStreetMap"}