{"route":[[124.84837,6.0941],[124.84713,6.0944],[124.84563,6.09471],[124.84655,6.09637],[124.8475,6.09718],[124.84943,6.09849],[124.84868,6.10033],[124.84835,6.10139],[124.85165,6.10157],[124.85309,6.10153],[124.85581,6.10207],[124.85691,6.10176],[124.85876,6.10272],[124.85985,6.1026],[124.86231,6.10365],[124.86355,6.10384],[124.86503,6.10232],[124.86655,6.10176],[124.86864,6.10148],[124.8697,6.10186],[124.8713,6.10232],[124.87242,6.10252],[124.87419,6.1015],[124.87701,6.09892],[124.8784,6.09765],[124.87958,6.09775],[124.88192,6.09739],[124.88258,6.09723]],"ele":[1101,1129,1129,1141,1148,1149,1139,1127,1170,1190,1243,1280,1299,1313,1341,1312,1309,1336,1436,1413,1457,1454,1509,1514,1458,1438,1359,1327],"dist_km":5.6,"ascent_m":389,"net":[[[124.8533,6.1063],[124.8533,6.1061],[124.8544,6.1052],[124.8579,6.1045],[124.8586,6.1039],[124.8594,6.1039],[124.8607,6.1032],[124.8617,6.1042],[124.8643,6.1052],[124.8654,6.105],[124.8668,6.1055],[124.8699,6.1053],[124.8705,6.1048],[124.8714,6.1048],[124.8723,6.1042],[124.8739,6.1039],[124.8747,6.1019],[124.8761,6.1004],[124.8769,6.099],[124.8782,6.0978],[124.8796,6.0978],[124.8802,6.0973],[124.8823,6.0973],[124.8827,6.0969]],[[124.8733,6.1041],[124.8742,6.1042],[124.875,6.1038],[124.8761,6.104],[124.8755,6.1026],[124.8748,6.1026],[124.8745,6.1022]],[[124.8463,6.1157],[124.8494,6.1153],[124.8503,6.1145],[124.8516,6.114],[124.8533,6.1125],[124.855,6.1119],[124.8553,6.112],[124.856,6.1112],[124.858,6.1101],[124.8607,6.1094],[124.8615,6.1084],[124.8631,6.1073],[124.8648,6.1069],[124.8667,6.1061],[124.869,6.1055]],[[124.8448,6.1158],[124.8452,6.1151],[124.8482,6.1131],[124.8487,6.1116],[124.8493,6.1112],[124.8503,6.1099],[124.852,6.1092],[124.8533,6.1071],[124.8533,6.1063]],[[124.8429,6.1036],[124.8457,6.1031],[124.8464,6.1023],[124.8485,6.1013]],[[124.8415,6.0997],[124.8419,6.0994],[124.8425,6.0997],[124.8442,6.0996],[124.8444,6.0993],[124.8454,6.0992],[124.8463,6.0986],[124.847,6.0974],[124.8475,6.0972],[124.8466,6.0964],[124.8465,6.0953],[124.8456,6.0947],[124.8471,6.0948],[124.8471,6.0944],[124.8484,6.0941]],[[124.8708,6.0865],[124.8715,6.0871],[124.8738,6.0877],[124.8743,6.0883],[124.8746,6.0882],[124.8747,6.0885],[124.8735,6.0887],[124.8736,6.089],[124.8744,6.089],[124.8739,6.0896],[124.8749,6.0896],[124.8755,6.0899],[124.8756,6.0916],[124.8763,6.093],[124.8772,6.0939],[124.8776,6.0935],[124.8795,6.0938],[124.8789,6.0952],[124.879,6.0955],[124.8798,6.0957],[124.8797,6.0967],[124.8811,6.0964],[124.8827,6.0969]],[[124.8609,6.0824],[124.861,6.0821]],[[124.8428,6.1028],[124.8451,6.1022]],[[124.8428,6.1025],[124.844,6.1021],[124.8457,6.1023],[124.8461,6.1025],[124.8429,6.1032]],[[124.8459,6.1001],[124.8462,6.1004]],[[124.8454,6.1012],[124.8451,6.1018],[124.8455,6.1018],[124.8458,6.1015],[124.8462,6.1004]],[[124.8435,6.1012],[124.8445,6.1018],[124.8455,6.1007],[124.8457,6.1009],[124.8454,6.1012]],[[124.8434,6.1012],[124.8458,6.1]],[[124.845,6.0993],[124.8458,6.1]],[[124.8443,6.0995],[124.8454,6.1003]],[[124.8445,6.1002],[124.8453,6.1008]],[[124.8438,6.0996],[124.8445,6.1002]],[[124.8429,6.0996],[124.8451,6.1011]],[[124.8384,6.098],[124.8385,6.0986],[124.8382,6.0986],[124.8382,6.098],[124.8391,6.0981],[124.8401,6.099],[124.8408,6.0989],[124.8416,6.0996],[124.8419,6.0994],[124.8448,6.1015]],[[124.8764,6.1462],[124.877,6.1444],[124.8782,6.1427],[124.8784,6.1413]],[[124.8438,6.1082],[124.8442,6.1074],[124.8448,6.107]],[[124.8457,6.1073],[124.8443,6.1083],[124.8441,6.1088]],[[124.8474,6.1061],[124.8463,6.1067]],[[124.8464,6.1061],[124.8474,6.1057]],[[124.8474,6.1052],[124.8467,6.1054],[124.8461,6.1064],[124.8454,6.1069]],[[124.8472,6.1047],[124.8478,6.1047]],[[124.8471,6.1043],[124.8478,6.1039]],[[124.8472,6.1039],[124.848,6.104],[124.8474,6.1052],[124.8474,6.1061],[124.8477,6.1064],[124.8462,6.1074],[124.8448,6.107],[124.8463,6.1067],[124.8464,6.1059],[124.8468,6.1057],[124.8472,6.1047],[124.8469,6.104],[124.8472,6.1039]],[[124.8452,6.1151],[124.8452,6.1143],[124.8445,6.1143],[124.8446,6.1154],[124.8452,6.115]],[[124.8484,6.1014],[124.8494,6.0985],[124.8504,6.098],[124.8513,6.0969]],[[124.8487,6.0956],[124.851,6.0972]],[[124.8484,6.096],[124.8507,6.0976]],[[124.8465,6.0953],[124.8504,6.098]],[[124.8465,6.0958],[124.8499,6.0982]],[[124.8475,6.0972],[124.8494,6.0985]],[[124.847,6.0974],[124.8493,6.099]],[[124.8468,6.0978],[124.8491,6.0994]],[[124.8467,6.0982],[124.8489,6.0999]],[[124.8463,6.0986],[124.8487,6.1003]],[[124.8487,6.0956],[124.8492,6.0955],[124.8505,6.0957],[124.8518,6.0966],[124.8528,6.0965]],[[124.8497,6.0957],[124.8513,6.0969],[124.8518,6.0966]],[[124.8522,6.0965],[124.8511,6.0955]],[[124.8505,6.0957],[124.8522,6.0953],[124.853,6.0959],[124.8529,6.0964]],[[124.8522,6.0953],[124.8529,6.0954],[124.853,6.0959]],[[124.8456,6.0947],[124.8446,6.0953],[124.8455,6.0958],[124.845,6.0961],[124.8451,6.097],[124.8454,6.0972],[124.8461,6.097],[124.8465,6.0967],[124.8466,6.0964]],[[124.8454,6.0972],[124.8443,6.0972],[124.8422,6.0963],[124.8419,6.0964]],[[124.8425,6.0965],[124.844,6.0965],[124.8451,6.097]],[[124.8456,6.0972],[124.8455,6.0947]],[[124.8461,6.097],[124.846,6.0949]],[[124.8477,6.1239],[124.848,6.1247],[124.8478,6.125],[124.8467,6.1249],[124.8481,6.1263],[124.8495,6.1264],[124.851,6.1269],[124.8516,6.128],[124.8535,6.1275],[124.8552,6.128],[124.8561,6.1279]],[[124.9278,6.0816],[124.9269,6.081],[124.9248,6.081],[124.9237,6.08],[124.9243,6.0791],[124.9258,6.0784],[124.9257,6.0776],[124.9277,6.0758],[124.9284,6.0747],[124.9296,6.0741],[124.9304,6.0742]],[[124.8829,6.0968],[124.8827,6.0969]],[[124.8518,6.0954],[124.8528,6.0965]],[[124.8769,6.099],[124.8746,6.1007],[124.8742,6.1015],[124.8732,6.1025],[124.8724,6.1025],[124.8718,6.1021],[124.8706,6.1023],[124.8686,6.1015],[124.8673,6.102],[124.8654,6.1018],[124.8644,6.1036],[124.8635,6.1038],[124.8623,6.1037],[124.8598,6.1026],[124.8588,6.1027],[124.858,6.1019],[124.8569,6.1018],[124.8558,6.1021],[124.8531,6.1015],[124.8485,6.1013]],[[124.8708,6.0865],[124.8754,6.0868],[124.8776,6.0862]],[[124.8827,6.0571],[124.8824,6.0587]],[[124.8832,6.0564],[124.8841,6.057],[124.8842,6.0575],[124.8856,6.059]],[[124.8485,6.0934],[124.8491,6.0936]],[[124.8564,6.078],[124.8572,6.0787],[124.8582,6.0789],[124.8586,6.0794],[124.8595,6.0797]],[[124.8747,6.1482],[124.8738,6.149],[124.8737,6.1483],[124.8741,6.1474],[124.8751,6.1465],[124.8761,6.1445],[124.876,6.143],[124.8763,6.1422],[124.8761,6.1416],[124.8769,6.1408],[124.8776,6.1392],[124.8781,6.1368],[124.8786,6.1366],[124.8791,6.1371],[124.8802,6.1374]],[[124.8775,6.1477],[124.8781,6.1464],[124.8781,6.145],[124.8784,6.1444]],[[124.889,6.1154],[124.8888,6.1163],[124.8896,6.1207],[124.8889,6.1228],[124.8889,6.1242],[124.8884,6.1249],[124.8882,6.1247],[124.888,6.125],[124.8872,6.1297],[124.8857,6.1315],[124.8858,6.132],[124.8853,6.1328],[124.8839,6.1345],[124.8839,6.1357],[124.8826,6.1375],[124.8826,6.1384],[124.8831,6.139],[124.8834,6.14],[124.8831,6.1426],[124.882,6.1448],[124.8815,6.1451],[124.882,6.146],[124.8799,6.1472]],[[124.9017,6.1092],[124.902,6.1089],[124.9027,6.109],[124.9032,6.1087],[124.9061,6.1087],[124.9076,6.1074],[124.9095,6.1077],[124.9105,6.1066],[124.911,6.1064],[124.9116,6.1054],[124.914,6.1046],[124.9143,6.1042],[124.9152,6.1042]],[[124.8793,6.0946],[124.8802,6.0948]],[[124.8802,6.0948],[124.8807,6.0944],[124.8813,6.0945],[124.8825,6.0932],[124.8834,6.0933]],[[124.8666,6.1055],[124.8655,6.105]],[[124.8627,6.0825],[124.8643,6.0843],[124.8652,6.0849],[124.869,6.0859],[124.8696,6.0864],[124.8703,6.0861],[124.8708,6.0865]],[[124.9257,6.1494],[124.925,6.1485],[124.925,6.1477],[124.9252,6.1474],[124.9242,6.1473],[124.9248,6.1468],[124.9243,6.146],[124.9244,6.1456],[124.9235,6.143],[124.922,6.1415],[124.921,6.1389],[124.9196,6.1383],[124.9195,6.1373],[124.9187,6.1364],[124.919,6.1358],[124.9188,6.1355]],[[124.9259,6.0986],[124.9301,6.1009],[124.9308,6.1007],[124.9325,6.101],[124.936,6.1003],[124.9365,6.1005],[124.9372,6.1016],[124.9375,6.1017]],[[124.9277,6.0996],[124.928,6.0991],[124.9298,6.0983],[124.9308,6.0975]],