{"route":[[120.70419,14.26256],[120.70364,14.26049],[120.70299,14.25948],[120.70236,14.25827],[120.70145,14.25784],[120.70091,14.25667],[120.69946,14.25523],[120.69824,14.25524],[120.69716,14.2549],[120.69545,14.25419],[120.69408,14.25371],[120.69256,14.25277],[120.69138,14.25187],[120.69003,14.25054],[120.68874,14.24807],[120.68756,14.24751],[120.68691,14.24584],[120.68583,14.24472],[120.68541,14.24313],[120.68471,14.24226],[120.6845,14.24119],[120.68322,14.24066],[120.68162,14.23971],[120.68054,14.23875],[120.67917,14.23792],[120.67865,14.237],[120.67848,14.23549],[120.6776,14.23461],[120.67657,14.23396],[120.67538,14.23309],[120.67405,14.23262],[120.67272,14.23156],[120.6716,14.23046],[120.67028,14.22987],[120.66942,14.22812],[120.66807,14.22749],[120.66655,14.228],[120.66695,14.22905],[120.66574,14.22913],[120.66454,14.228],[120.66412,14.22693],[120.66403,14.22439],[120.66317,14.22361],[120.66232,14.22237],[120.66101,14.22157],[120.66031,14.22039],[120.66105,14.21957],[120.66056,14.21771],[120.66033,14.21655],[120.65932,14.21515],[120.65803,14.2145],[120.65735,14.21534],[120.65632,14.21568],[120.65527,14.21619],[120.65423,14.21655],[120.65343,14.21713],[120.65188,14.21689],[120.65011,14.21646],[120.64902,14.2163],[120.64769,14.21601],[120.6472,14.21523],[120.64634,14.21455],[120.64641,14.21429]],"ele":[83,106,117,136,157,159,184,182,166,148,137,119,80,113,116,133,138,148,164,181,172,208,210,206,219,233,265,267,281,317,322,358,376,392,351,303,340,344,363,369,387,339,340,343,326,320,303,313,316,326,343,377,397,430,455,498,591,584,580,586,595,633,633],"dist_km":10.5,"ascent_m":723,"net":[[[120.6462,14.2135],[120.6462,14.2137]],[[120.6462,14.2137],[120.6456,14.2136],[120.6452,14.213],[120.6446,14.211],[120.6439,14.21],[120.6444,14.2097],[120.6438,14.2088],[120.643,14.2079],[120.6412,14.2073],[120.641,14.2066]],[[120.6775,14.2406],[120.6774,14.2398],[120.6753,14.2382],[120.6754,14.2379],[120.676,14.2382],[120.6769,14.2381],[120.6779,14.2373],[120.6832,14.2407],[120.6845,14.2412],[120.6858,14.2447],[120.6867,14.2453],[120.6876,14.2475],[120.6883,14.2476],[120.6887,14.2481],[120.6904,14.251],[120.6932,14.2535],[120.6966,14.2544],[120.698,14.2552],[120.6987,14.255],[120.6995,14.2552],[120.7001,14.2562],[120.7012,14.257],[120.7014,14.2578],[120.7024,14.2583],[120.7026,14.2592],[120.7036,14.2605],[120.7042,14.2626]],[[120.6603,14.2166],[120.6623,14.2162],[120.6623,14.216]],[[120.6508,14.2168],[120.6507,14.2167]],[[120.6539,14.2168],[120.6526,14.2174],[120.6517,14.2169]],[[120.6476,14.2153],[120.6476,14.216]],[[120.6597,14.2344],[120.6603,14.2343],[120.6614,14.2355],[120.6631,14.235],[120.6631,14.2335],[120.6627,14.2327],[120.6632,14.2325],[120.6638,14.2304],[120.6649,14.2297],[120.6652,14.2288],[120.6648,14.2287],[120.6639,14.2261],[120.664,14.2244],[120.6627,14.2235],[120.6623,14.2224],[120.661,14.2216],[120.6608,14.2207],[120.6603,14.2204],[120.6611,14.2196],[120.6603,14.2166],[120.6595,14.2154],[120.6587,14.2147]],[[120.6476,14.2153],[120.6482,14.2151],[120.6486,14.2152]],[[120.6476,14.2153],[120.6472,14.2152]],[[120.6511,14.2167],[120.6507,14.2168]],[[120.6504,14.2162],[120.6499,14.2157]],[[120.6641,14.2269],[120.6643,14.2268],[120.6641,14.2268]],[[120.6606,14.2174],[120.6604,14.2171]],[[120.6642,14.2271],[120.6641,14.2269]],[[120.6477,14.2153],[120.6479,14.215]],[[120.6652,14.2288],[120.6666,14.2295],[120.6669,14.2291],[120.6664,14.2283],[120.6666,14.228],[120.6681,14.2275],[120.669,14.2276],[120.6703,14.2299],[120.6716,14.2305],[120.6741,14.2326],[120.6754,14.2331],[120.6772,14.2345],[120.6779,14.2346],[120.6791,14.2361],[120.6786,14.2378]],[[120.6609,14.219],[120.6593,14.2187]],[[120.6466,14.2147],[120.6466,14.2147]],[[120.656,14.1844],[120.6563,14.1852],[120.6594,14.1851],[120.6615,14.1861],[120.6629,14.1857]],[[120.6569,14.1853],[120.6601,14.1867],[120.6616,14.187],[120.6642,14.1864],[120.6657,14.1865],[120.6664,14.1862],[120.6667,14.1867],[120.6679,14.1871],[120.669,14.1866]],[[120.6959,14.2074],[120.6946,14.2073],[120.6944,14.2089],[120.6931,14.2094],[120.6925,14.2104],[120.6929,14.2108],[120.6929,14.2119]],[[120.6495,14.175],[120.6485,14.1775],[120.6487,14.1799],[120.6484,14.1815],[120.6504,14.1838],[120.651,14.1851],[120.6519,14.1852],[120.6527,14.1862],[120.6521,14.1878],[120.6517,14.188],[120.6518,14.1894]],[[120.6462,14.2137],[120.6464,14.2143]],[[120.6479,14.215],[120.6479,14.2151]],[[120.641,14.2066],[120.639,14.2053],[120.6383,14.2054],[120.6375,14.2048],[120.6368,14.2049],[120.6361,14.2055],[120.635,14.2055],[120.6323,14.2064],[120.6319,14.2062],[120.6307,14.2064],[120.6292,14.2063],[120.6277,14.2053]],[[120.641,14.2066],[120.6412,14.2055],[120.6409,14.2046],[120.6382,14.2037],[120.6376,14.203],[120.6377,14.2025],[120.6371,14.2012],[120.6359,14.2025],[120.6352,14.2021],[120.6344,14.202],[120.633,14.2001],[120.6317,14.1998],[120.6314,14.1993]],[[120.6861,14.1987],[120.6858,14.1985]],[[120.6625,14.2119],[120.6613,14.2117],[120.6607,14.2119],[120.6608,14.2135],[120.6587,14.2147]],[[120.6718,14.2079],[120.6718,14.209],[120.6724,14.2106],[120.6722,14.2109],[120.6715,14.2107],[120.671,14.211],[120.6697,14.2136],[120.6689,14.2131]],[[120.6929,14.2119],[120.6924,14.2124],[120.6911,14.2124],[120.6903,14.2115],[120.689,14.211],[120.688,14.2114],[120.6876,14.2125],[120.6872,14.2122],[120.6861,14.2124],[120.6861,14.2129],[120.6859,14.213],[120.6854,14.2125],[120.684,14.212],[120.6833,14.211],[120.6816,14.2119],[120.6806,14.2116],[120.6806,14.2113],[120.6796,14.2109],[120.6788,14.2109],[120.6779,14.2114],[120.6771,14.2103],[120.6758,14.2096],[120.6758,14.209],[120.6753,14.2091],[120.675,14.2087],[120.6747,14.2091],[120.6743,14.2091],[120.6727,14.2082]],[[120.6727,14.2082],[120.6721,14.2077],[120.6708,14.2086],[120.671,14.2098],[120.6707,14.2105],[120.6692,14.2121],[120.6689,14.2131],[120.6671,14.2127],[120.6661,14.2133],[120.664,14.2132],[120.6629,14.212],[120.6625,14.2119]],[[120.6861,14.2125],[120.6863,14.2126]],[[120.6871,14.2123],[120.6869,14.212]],[[120.6842,14.2121],[120.6839,14.2122]],[[120.6973,14.2035],[120.6953,14.2022],[120.6934,14.2018],[120.6921,14.2012],[120.6907,14.2018],[120.6896,14.2031],[120.6883,14.2028],[120.6878,14.2023],[120.687,14.2023],[120.6862,14.2015],[120.6853,14.1996],[120.6861,14.1986]],[[120.6587,14.2147],[120.658,14.2145],[120.6575,14.2154],[120.6559,14.2158],[120.6539,14.2168]],[[120.6575,14.2325],[120.6574,14.2318],[120.6553,14.2305],[120.6541,14.2301],[120.6529,14.2282],[120.6527,14.2271],[120.6521,14.2256],[120.6525,14.2247],[120.653,14.2245],[120.6535,14.2225],[120.6534,14.2222],[120.6523,14.2216],[120.6517,14.2208],[120.652,14.2195],[120.6516,14.2181],[120.6506,14.2166]],[[120.674,14.2198],[120.6757,14.2212],[120.6762,14.2213],[120.6764,14.2211],[120.677,14.2213],[120.677,14.2222],[120.6778,14.2237],[120.6786,14.2245],[120.6807,14.2257],[120.6812,14.2268],[120.6824,14.2277],[120.6842,14.2299],[120.6855,14.2303],[120.6853,14.2307],[120.6857,14.2315],[120.6876,14.2331],[120.6883,14.2349],[120.6892,14.2361],[120.6896,14.238],[120.6903,14.239],[120.6935,14.2408],[120.6955,14.2412],[120.696,14.242],[120.6969,14.2426],[120.6974,14.2438],[120.6984,14.2443],[120.7001,14.2446],[120.7011,14.2455],[120.7014,14.2463],[120.7028,14.2478],[120.7049,14.2496],[120.7066,14.2505],[120.707,14.2501],[120.7073,14.2507],[120.7067,14.2513],[120.7071,14.2517],[120.7054,14.2517],[120.7065,14.2529],[120.7066,14.2542],[120.7073,14.2555],[120.7074,14.2569],[120.709,14.258],[120.7092,14.2598],[120.7107,14.2617]],[[120.6871,14.1905],[120.6871,14.1912],[120.688,14.1912],[120.6883,14.1917],[120.6879,14.1924],[120.6878,14.1934],[120.6869,14.1946],[120.6871,14.1958],[120.6864,14.1964],[120.6862,14.1971],[120.6872,14.1976],[120.6867,14.1987],[120.6868,14.1997],[120.6864,14.2003],[120.6859,14.2004]],[[120.6208,14.2202],[120.6207,14.2205],[120.6198,14.2201]],[[120.6213,14.2208],[120.6214,14.2205]],[[120.6461,14.1689],[120.6451,14.1706],[120.6452,14.1719],[120.6456,14.1727],[120.6461,14.1732],[120.6481,14.1735],[120.6486,14.1738]],[[120.6379,