{"route":[[120.25038,15.18272],[120.25156,15.18276],[120.25342,15.18255],[120.25491,15.18216],[120.25615,15.18184],[120.25705,15.18065],[120.25774,15.17981],[120.25887,15.17935],[120.26006,15.17941],[120.26079,15.17866],[120.26304,15.17724],[120.26412,15.17795],[120.265,15.17859],[120.26742,15.17962],[120.26852,15.17954],[120.26976,15.18065],[120.27137,15.18021],[120.27293,15.18016],[120.27359,15.17948],[120.27525,15.17823],[120.27626,15.17842],[120.27645,15.17709],[120.27773,15.17688],[120.27947,15.1763],[120.28094,15.17599],[120.28213,15.176],[120.28293,15.17511],[120.28418,15.17492],[120.28556,15.17569],[120.2871,15.17586],[120.2879,15.17666],[120.28905,15.17722],[120.29034,15.17707],[120.29149,15.17708],[120.29268,15.17735],[120.2938,15.17731],[120.29453,15.17817],[120.29599,15.17831],[120.2971,15.17928],[120.29822,15.17944],[120.29968,15.18016],[120.30076,15.18084],[120.30185,15.18116],[120.30294,15.18167],[120.30441,15.18192],[120.30559,15.18201],[120.30751,15.18157],[120.30823,15.18064],[120.30916,15.17992],[120.30991,15.18091],[120.31001,15.18206],[120.30962,15.18358],[120.30869,15.18528],[120.30973,15.18621],[120.31189,15.1865],[120.31365,15.1853],[120.31483,15.18532],[120.31575,15.18469],[120.31687,15.18466],[120.31883,15.18383],[120.31995,15.18435],[120.32153,15.18458],[120.32387,15.18466],[120.32554,15.1839],[120.32733,15.18329],[120.32846,15.18314],[120.33012,15.18415],[120.33119,15.18324],[120.33252,15.18212],[120.33432,15.18172],[120.33564,15.18132],[120.33673,15.18166],[120.33988,15.18097],[120.34082,15.17997],[120.34209,15.17812],[120.34333,15.17737],[120.3434,15.17561],[120.34366,15.17406],[120.34424,15.17282],[120.3448,15.17162],[120.34497,15.17277],[120.34593,15.17183],[120.3465,15.17002],[120.34577,15.16833],[120.34572,15.16675],[120.34632,15.1655],[120.34726,15.16442],[120.34756,15.16263],[120.34704,15.16143],[120.34792,15.16075],[120.34908,15.16061],[120.35011,15.15989],[120.35098,15.15872],[120.35238,15.15736],[120.35329,15.15629],[120.35352,15.15413],[120.35264,15.15357],[120.35264,15.15277]],"ele":[266,274,285,284,303,292,297,298,310,304,317,326,340,366,363,361,365,385,377,409,412,410,418,421,452,469,450,469,473,503,496,511,518,522,538,541,554,558,572,580,589,595,596,599,606,608,616,618,622,615,603,590,588,574,577,585,599,597,614,614,639,657,664,668,693,690,717,724,754,764,778,791,802,819,838,851,856,861,861,872,861,822,823,886,860,826,843,849,891,874,878,901,911,930,944,962,1007,957],"dist_km":16.6,"ascent_m":801,"net":[[[120.353,15.228],[120.3524,15.2276],[120.3514,15.2278],[120.3506,15.2275],[120.3498,15.2268],[120.3484,15.2262],[120.3476,15.225],[120.347,15.222],[120.3462,15.2211],[120.3458,15.219],[120.3461,15.218],[120.3469,15.2173],[120.347,15.2169],[120.3464,15.2155],[120.3457,15.2148],[120.3458,15.2131],[120.3451,15.2123],[120.3454,15.211],[120.3452,15.2102],[120.3461,15.2074],[120.3457,15.2068],[120.3453,15.2042],[120.3441,15.2024],[120.344,15.2002],[120.3415,15.1981],[120.3407,15.1963],[120.3415,15.1939],[120.3412,15.1893],[120.342,15.1877],[120.3422,15.1859],[120.3433,15.184],[120.3424,15.1799],[120.3428,15.1783],[120.3433,15.178],[120.3436,15.1742]],[[120.3475,15.1877],[120.3478,15.189],[120.3475,15.1907],[120.3469,15.1913],[120.3469,15.1924],[120.3465,15.1931],[120.3452,15.194],[120.3474,15.1973],[120.3472,15.1985],[120.3474,15.1999],[120.347,15.201],[120.347,15.2031],[120.3484,15.2065],[120.3486,15.2083]],[[120.4179,15.1254],[120.417,15.1258],[120.4161,15.1259],[120.4152,15.1272],[120.4149,15.1284],[120.4113,15.1289],[120.4094,15.1295],[120.4081,15.1293],[120.4078,15.1297],[120.4068,15.1292],[120.4055,15.1301],[120.4045,15.1294],[120.4037,15.1294],[120.4036,15.1289],[120.4032,15.1285],[120.404,15.1265],[120.4029,15.1253],[120.4029,15.1248],[120.4021,15.1246],[120.4024,15.124],[120.4021,15.1237],[120.4022,15.1225],[120.4019,15.1223],[120.4025,15.1209],[120.4022,15.1206],[120.4025,15.1202],[120.4022,15.1198],[120.4029,15.1198],[120.4031,15.1185],[120.403,15.1178],[120.4033,15.117],[120.4032,15.1165],[120.4024,15.1163],[120.4023,15.1151],[120.4016,15.1146],[120.4015,15.113],[120.4011,15.1124],[120.4016,15.1118],[120.4015,15.1107],[120.4008,15.1104],[120.4005,15.1098],[120.3991,15.1098],[120.3969,15.111],[120.395,15.1113],[120.3928,15.111],[120.3912,15.1112],[120.3904,15.1122],[120.3869,15.1109],[120.3866,15.1112],[120.3862,15.1125],[120.3834,15.1118],[120.3831,15.1138],[120.382,15.1154],[120.3806,15.1154],[120.3802,15.1157],[120.3805,15.1163],[120.3802,15.1165],[120.3778,15.1171],[120.377,15.118],[120.3762,15.1198],[120.3756,15.1201],[120.375,15.121],[120.3735,15.122],[120.3714,15.1225],[120.3709,15.1232],[120.3678,15.1252],[120.3676,15.1254],[120.3678,15.1259]],[[120.3363,15.1331],[120.3336,15.132],[120.3334,15.1315],[120.3326,15.131],[120.3327,15.1306],[120.3318,15.1305],[120.33,15.1293],[120.3296,15.1284],[120.3286,15.1281],[120.3271,15.126],[120.3264,15.1257],[120.3263,15.1249],[120.3253,15.1243],[120.3245,15.1226],[120.3238,15.122],[120.3226,15.1214],[120.3215,15.1215],[120.3202,15.1223],[120.3185,15.1207],[120.3171,15.1206],[120.3164,15.1201],[120.3159,15.1191],[120.314,15.1183],[120.3136,15.1177],[120.3125,15.1171],[120.312,15.1164],[120.3108,15.1164],[120.3095,15.1158],[120.3092,15.1151],[120.3041,15.1122],[120.3035,15.1103],[120.3039,15.1092],[120.3039,15.108],[120.3029,15.1081],[120.3019,15.1091],[120.3008,15.1093],[120.3005,15.109],[120.3004,15.108],[120.2992,15.1064],[120.2994,15.1059],[120.2989,15.1049],[120.2992,15.1041],[120.2988,15.1035],[120.2953,15.1004],[120.2939,15.1001],[120.2927,15.0993],[120.2915,15.099],[120.2908,15.0983],[120.2901,15.0961],[120.2903,15.0956],[120.29,15.095],[120.2903,15.0939],[120.29,15.0923],[120.2881,15.0914],[120.2873,15.0919],[120.2852,15.0917],[120.2846,15.0913],[120.2826,15.0912],[120.283,15.0895],[120.2824,15.0879],[120.2825,15.0861],[120.2821,15.0853],[120.2807,15.0843],[120.281,15.0833],[120.2808,15.0824],[120.2788,15.0824],[120.2784,15.0822],[120.2789,15.0811],[120.2775,15.0797],[120.2768,15.0797],[120.2754,15.0785],[120.2743,15.0767],[120.2733,15.0724],[120.2746,15.072],[120.2754,15.0712],[120.2751,15.0704],[120.2756,15.0699],[120.2752,15.0693]],[[120.2504,15.1827],[120.2534,15.1826],[120.2562,15.1818],[120.2577,15.1798],[120.2589,15.1793],[120.2603,15.1793],[120.2612,15.1782],[120.263,15.1772],[120.2641,15.178],[120.2645,15.1787],[120.2657,15.1787],[120.2674,15.1796],[120.2685,15.1795],[120.2698,15.1806],[120.2706,15.1808],[120.2718,15.18],[120.2736,15.18],[120.2737,15.1793],[120.2745,15.1792],[120.2753,15.1782],[120.2761,15.1786],[120.2761,15.178],[120.2765,15.1771],[120.2784,15.1769],[120.2795,15.1763],[120.28,15.1764],[120.2809,15.176],[120.2821,15.176],[120.2836,15.1747],[120.2848,15.1756],[120.2871,15.1759],[120.2873,15.1763],[120.2887,15.1772],[120.2903,15.1771],[120.2911,15.1774],[120.2921,15.1769],[120.2927,15.1774],[120.2933,15.1771],[120.2945,15.1782],[120.296,15.1783],[120.2971,15.1793],[120.2982,15.1794],[120.2989,15.1802],[120.2997,15.1802],[120.3029,15.1817],[120.3062,15.1822],[120.3075,15.1816],[120.3086,15.18],[120.3092,15.1799],[120.3099,15.1809],[120.31,15.1821],[120.3096,15.1836],[120.3087,15.1853],[120.3088,15.1855],[120.3094,15.1855],[120.3101,15.1865],[120.3119,15.1865],[120.3128,15.1862],[120.3137,15.1853],[120.3148,15.1853],[120.3157,15.1847],[120.3169,15.1847],[120.3188,15.1838],[120.3204,15.1846],[120.3239,15.1847],[120.3257,15.1837],[120.3273,15.1833],[120.3281,15.1827]],[[120.347,15.1614],[120.3479,15.1608],[120.349,15.1608],[120.3501,15.1599],[120.3512,15.1584],[120.3527,15.1572],[120.3528,15.1566],[120.3538,15.1556],[120.3535,15.1541],[120.3526,15.1536],[120.3526,15.1528]],[[120.3449,15.1571],[120.3421,15.1622],[120.3422,15.1635],[120.3416,15.1645]],[[120.4126,15.1467],[120.412,15.1464],[120.4112,15.1465],[120.4105,15.1456],[120.41,15.1454],[120.4086,15.1451],[120.4059,15.1438],[120.4038,15.1434],[120.4015,15.1445],[120.4005,15.1444],[120.4,15.1438],[120.3996,15.1438],[120.3992,15.1442],[120.3992,15.145],[120.3983,15.1448],