{"route":[[120.95548,16.55603],[120.9554,16.55722],[120.95506,16.55833],[120.95506,16.56002],[120.95389,16.56062],[120.95356,16.56166],[120.95259,16.56201],[120.95185,16.56285],[120.95152,16.56353],[120.95123,16.56417],[120.95283,16.56362],[120.95377,16.56356],[120.95311,16.56455],[120.9518,16.5654],[120.95124,16.56619],[120.9506,16.56728],[120.94974,16.56803],[120.94811,16.56793],[120.94708,16.56866],[120.94595,16.56888],[120.94503,16.56944],[120.94411,16.56893],[120.94291,16.5685],[120.94178,16.56862],[120.9407,16.56899],[120.93958,16.56929],[120.939,16.57021],[120.93791,16.57076],[120.93709,16.57198],[120.93656,16.57295],[120.93574,16.57439],[120.93557,16.57557],[120.93467,16.57722],[120.93384,16.57808],[120.93334,16.57915],[120.9327,16.5802],[120.93083,16.58047],[120.9292,16.58032],[120.92798,16.58146],[120.92686,16.58111],[120.92517,16.58065],[120.92475,16.57926],[120.9239,16.57876],[120.9227,16.57964],[120.92152,16.58081],[120.92033,16.58093],[120.91932,16.58109],[120.91829,16.58061],[120.91703,16.58075],[120.91497,16.58052],[120.91428,16.58099],[120.91434,16.58227],[120.91361,16.5829],[120.91335,16.58386],[120.91274,16.58494],[120.91183,16.58582],[120.91148,16.58694],[120.91058,16.58829],[120.90924,16.58922],[120.90842,16.59028],[120.90759,16.59116],[120.90654,16.59223],[120.90566,16.59277],[120.9048,16.59322],[120.90439,16.59451],[120.90338,16.59493],[120.90278,16.59588],[120.90224,16.59723],[120.90064,16.59821],[120.89958,16.59736],[120.89884,16.59776]],"ele":[1332,1338,1369,1358,1432,1419,1451,1477,1528,1576,1551,1551,1566,1618,1671,1728,1776,1857,1886,1913,1913,1962,1994,2007,2053,2079,2116,2090,2112,2105,2106,2146,2170,2228,2223,2159,2242,2304,2371,2399,2440,2469,2411,2430,2451,2441,2456,2533,2551,2619,2626,2623,2634,2654,2670,2693,2737,2748,2728,2747,2763,2785,2815,2805,2839,2838,2838,2854,2866,2904,2887],"dist_km":10.8,"ascent_m":1580,"net":[[[120.9068,16.5842],[120.9066,16.5849],[120.9079,16.5864],[120.9092,16.5892]],[[120.9092,16.5892],[120.9071,16.5921],[120.9045,16.5935],[120.9044,16.5945],[120.9029,16.5954],[120.9029,16.5965],[120.9022,16.5972],[120.9016,16.5973],[120.9006,16.5982],[120.9,16.5981],[120.8996,16.5974],[120.8992,16.5981],[120.8988,16.5978]],[[120.8926,16.5792],[120.8934,16.5796],[120.894,16.579],[120.895,16.5789],[120.8958,16.5782],[120.8969,16.5788],[120.8976,16.578],[120.8975,16.5771],[120.8986,16.5778],[120.8995,16.5776],[120.9,16.5779],[120.9006,16.5776],[120.9012,16.5764],[120.9018,16.5764],[120.9021,16.5779],[120.9036,16.5781],[120.9045,16.5787],[120.9054,16.5801],[120.907,16.583],[120.9073,16.584],[120.9068,16.5842]],[[120.8651,16.6067],[120.8657,16.6067],[120.866,16.6064],[120.867,16.6069],[120.8683,16.6065],[120.8699,16.6067],[120.8702,16.6065],[120.8709,16.6069],[120.8719,16.6071],[120.8725,16.607],[120.8733,16.6073],[120.8731,16.6066],[120.8735,16.6069],[120.8735,16.6066],[120.8738,16.6068],[120.8741,16.6064],[120.8745,16.6067],[120.8745,16.6064],[120.8753,16.6064],[120.8754,16.606],[120.8767,16.6052],[120.8781,16.6049],[120.8784,16.604],[120.8792,16.6043],[120.8794,16.605],[120.88,16.6046],[120.8808,16.605],[120.881,16.6055],[120.8818,16.6056],[120.8827,16.6053],[120.8831,16.6047],[120.8838,16.6045],[120.8842,16.6038],[120.885,16.6035],[120.8856,16.6023],[120.8859,16.6023],[120.8865,16.6031],[120.887,16.6032],[120.8876,16.6029],[120.891,16.6026],[120.8927,16.602],[120.8936,16.6],[120.8943,16.5992],[120.8945,16.5982],[120.8956,16.5972],[120.8966,16.597],[120.8977,16.5964],[120.8988,16.5976]],[[120.8647,16.6069],[120.8651,16.6067]],[[120.9144,16.6539],[120.9133,16.6522],[120.9151,16.6504],[120.9154,16.6488],[120.9159,16.6481],[120.9157,16.6465],[120.9159,16.6449],[120.9164,16.6443],[120.9171,16.6441],[120.9166,16.643],[120.9172,16.6427],[120.9175,16.6421],[120.9175,16.6372],[120.9179,16.6357],[120.9186,16.6348],[120.9179,16.6345],[120.9171,16.6347],[120.9169,16.6339],[120.9163,16.6336],[120.9161,16.6318],[120.9154,16.631],[120.9156,16.6306],[120.9154,16.6295],[120.9134,16.629],[120.9128,16.6291],[120.9116,16.6287],[120.9108,16.6278],[120.9109,16.6267],[120.9103,16.6262]],[[120.9103,16.6262],[120.9099,16.6258],[120.9096,16.6246],[120.9101,16.6237],[120.91,16.6229]],[[120.91,16.6229],[120.9096,16.6217],[120.9077,16.6193],[120.9068,16.6155],[120.9068,16.6136],[120.9076,16.611],[120.909,16.6093],[120.911,16.6088],[120.9111,16.6083],[120.9091,16.6032],[120.9092,16.6021],[120.9089,16.6014],[120.9077,16.6004],[120.9065,16.5978],[120.907,16.597],[120.9083,16.5971],[120.9093,16.5965],[120.9093,16.5961],[120.9086,16.5946],[120.9087,16.5942],[120.9079,16.5933],[120.9075,16.5934],[120.9073,16.5941],[120.9061,16.5936],[120.9048,16.594],[120.9044,16.5945]],[[120.9063,16.5817],[120.907,16.5822],[120.9084,16.5819],[120.9086,16.5823],[120.9096,16.5813],[120.9107,16.5829],[120.9113,16.5827],[120.9129,16.5835],[120.9143,16.5826],[120.9141,16.5816],[120.9144,16.5803],[120.9167,16.5809],[120.9183,16.5806],[120.9196,16.5813],[120.9205,16.5807],[120.9215,16.5808],[120.9239,16.5788],[120.9247,16.5793]],[[120.8996,16.5974],[120.8986,16.5964],[120.8978,16.5965]],[[120.9176,16.6002],[120.9167,16.6002],[120.9159,16.5983],[120.9139,16.5962],[120.9135,16.595],[120.9125,16.5948],[120.9115,16.5927],[120.9115,16.5921],[120.9103,16.5909],[120.9102,16.5905],[120.9096,16.5903],[120.9092,16.5892]],[[120.9068,16.5842],[120.9074,16.585],[120.9073,16.5859]],[[120.9074,16.5853],[120.9096,16.5861]],[[120.9067,16.584],[120.9068,16.584]],[[120.8931,16.5795],[120.8933,16.5794]],[[120.8915,16.578],[120.8914,16.5781]],[[120.9068,16.5841],[120.9063,16.5837]],[[120.8881,16.5771],[120.8881,16.5775],[120.8888,16.5777],[120.889,16.5784]],[[120.8995,16.5974],[120.8988,16.5978]],[[120.9092,16.5892],[120.9106,16.5883],[120.911,16.5873],[120.9115,16.5869],[120.9118,16.5858],[120.9132,16.5843],[120.9134,16.5839],[120.9132,16.5834]],[[120.8988,16.5976],[120.8989,16.5974]],[[120.9555,16.556],[120.9551,16.56],[120.9539,16.5606],[120.9536,16.5617],[120.9519,16.5626],[120.952,16.5632],[120.9515,16.5633],[120.9509,16.564],[120.9517,16.5644],[120.9534,16.5631],[120.9538,16.5636],[120.9537,16.5643],[120.9524,16.5645],[120.9501,16.568],[120.9481,16.5679],[120.9471,16.5687],[120.9462,16.5688],[120.9457,16.5693],[120.945,16.5694],[120.9423,16.5682],[120.9407,16.569],[120.9404,16.5688],[120.9396,16.5693],[120.939,16.5702],[120.9379,16.5708],[120.9359,16.574],[120.9357,16.5749]],[[120.9357,16.5749],[120.9356,16.5756],[120.9349,16.5763],[120.9347,16.5772],[120.9338,16.5781],[120.9333,16.5796],[120.9327,16.5802],[120.932,16.5801],[120.9302,16.5806],[120.9292,16.5803],[120.928,16.5815],[120.9261,16.5811],[120.9252,16.5807],[120.9253,16.58],[120.9247,16.5793]],[[120.9167,16.6001],[120.9167,16.6017],[120.9181,16.6034],[120.9184,16.6034],[120.919,16.6027],[120.9195,16.6031],[120.921,16.6034],[120.9219,16.6028],[120.9226,16.6031],[120.9233,16.6026],[120.9241,16.6029]],[[120.9241,16.6029],[120.9255,16.6032],[120.9259,16.6044],[120.9265,16.6047],[120.9267,16.6046],[120.9276,16.6055]],[[120.9276,16.6055],[120.9281,16.6061],[120.9271,16.6074],[120.9273,16.6086],[120.9281,16.6101],[120.9305,16.6122],[120.9312,16.6153],[120.9312,16.6165],[120.9315,16.6171],[120.9322,16.6175],[120.9331,16.6204],[120.9348,16.6218],[120.9361,16.6215],[120.9365,16.6222],[120.9364,16.6227],[120.9372,16.6229],[120.9375,16.6233],[120.9392,16.6262],[120.9402,16.6271],[120.941,16.6272],[120.9421,16.6279],[120.943,16.628],[120.9444,16.629],[120.9453,16.6291],[120.9464,16.6281],[120.9468,16.6282]],[[120.8783,16.5641],[120.8786,16.5648],[120.8795,16.5656],[120.8795,16.5661],[120.8802,16.5666],[120.8801,16.567],[120.8809,16.5673],[120.8803,16.5686],[120.8812,16.5689],[120.8822,16.5687],[120.8823,16.5694],[120.8852,16.569],[120.8859,16.5697]],[[120.8811,16.5737],[120.8802,16.5736],[120.8797,16.5761],[120.879,16.5766],[120.878,16.5766],[120.8776,16.5769],[120.8778,16.5777],[120.8773,16.578],[120.877,16.5797],[120.8767,16.5803],[120.8763,16.5803]],[[120.8779,16.5633],[120.8771,16.5646],[120.8762,16.5652],[120.8761,