{"route":[[120.84594,16.60758],[120.84657,16.60848],[120.84807,16.60766],[120.84886,16.60792],[120.84948,16.6088],[120.8498,16.61053],[120.85064,16.61066],[120.85163,16.61008],[120.85291,16.60944],[120.85435,16.60901],[120.85566,16.60888],[120.85714,16.60858],[120.85838,16.60847],[120.85948,16.6089],[120.86128,16.608],[120.86231,16.6068],[120.86403,16.60644],[120.86513,16.6067],[120.86612,16.60645],[120.86702,16.60691],[120.86827,16.60653],[120.86948,16.60668],[120.87059,16.60681],[120.87187,16.60714],[120.87332,16.60732],[120.87351,16.60692],[120.87402,16.60663],[120.87528,16.6064],[120.87614,16.60564],[120.87733,16.60503],[120.87823,16.60462],[120.87917,16.60433],[120.88004,16.60465],[120.88086,16.60531],[120.88204,16.60543],[120.88308,16.60469],[120.88393,16.60414],[120.88504,16.60354],[120.8856,16.60229],[120.88645,16.60307],[120.88763,16.60285],[120.88916,16.60272],[120.89032,16.60268],[120.89141,16.60249],[120.8927,16.60204],[120.89358,16.60049],[120.89433,16.59925],[120.89454,16.59818],[120.89564,16.59719],[120.89708,16.59677],[120.89821,16.59628],[120.89962,16.59738],[120.90071,16.59819],[120.90158,16.59727],[120.90274,16.59682],[120.90287,16.59545],[120.90407,16.59483],[120.90445,16.59352],[120.90566,16.59277],[120.90654,16.59223],[120.90759,16.59116],[120.90842,16.59028],[120.90924,16.58922],[120.90879,16.58804],[120.90816,16.58678],[120.90733,16.58587],[120.90727,16.58466],[120.90726,16.58403],[120.90701,16.583],[120.90602,16.58118],[120.90542,16.58013],[120.90446,16.57867],[120.90297,16.57811],[120.90208,16.57753],[120.90185,16.57643],[120.9009,16.57675],[120.90011,16.57788],[120.89904,16.57784],[120.89749,16.5771],[120.89719,16.57839],[120.89645,16.57843],[120.89523,16.57879],[120.89417,16.57903],[120.89334,16.57964],[120.89243,16.57895],[120.89136,16.57838],[120.89077,16.57796],[120.88941,16.57792],[120.88831,16.5774],[120.88685,16.57677],[120.88714,16.57562],[120.88596,16.57517],[120.8842,16.57564],[120.88392,16.5767],[120.88299,16.57631],[120.88192,16.57643],[120.88271,16.57708],[120.88305,16.57826],[120.88387,16.57836],[120.8843,16.57896],[120.88517,16.57968],[120.88539,16.58087],[120.88534,16.58196],[120.88588,16.58287],[120.88662,16.58267]],"ele":[1409,1436,1449,1470,1450,1473,1426,1418,1407,1436,1449,1471,1414,1389,1359,1327,1332,1276,1333,1381,1453,1532,1611,1706,1778,1778,1810,1903,1964,2004,2066,2189,2221,2256,2285,2336,2385,2453,2475,2529,2596,2641,2661,2729,2790,2834,2824,2795,2796,2816,2851,2904,2866,2837,2830,2823,2838,2823,2815,2785,2763,2747,2728,2728,2731,2714,2710,2700,2685,2644,2649,2616,2625,2599,2613,2621,2625,2624,2651,2618,2586,2583,2573,2550,2522,2491,2493,2485,2537,2551,2503,2521,2493,2574,2539,2526,2549,2542,2572,2590,2588,2545,2541,2541,2541],"dist_km":16.2,"ascent_m":1804,"net":[[[120.9068,16.5842],[120.9066,16.5849],[120.9079,16.5864],[120.9092,16.5892]],[[120.9092,16.5892],[120.9071,16.5921],[120.9045,16.5935],[120.9044,16.5945],[120.9029,16.5954],[120.9029,16.5965],[120.9022,16.5972],[120.9016,16.5973],[120.9006,16.5982],[120.9,16.5981],[120.8996,16.5974],[120.8992,16.5981],[120.8988,16.5978]],[[120.8926,16.5792],[120.8934,16.5796],[120.894,16.579],[120.895,16.5789],[120.8958,16.5782],[120.8969,16.5788],[120.8976,16.578],[120.8975,16.5771],[120.8986,16.5778],[120.8995,16.5776],[120.9,16.5779],[120.9006,16.5776],[120.9012,16.5764],[120.9018,16.5764],[120.9021,16.5779],[120.9036,16.5781],[120.9045,16.5787],[120.9054,16.5801],[120.907,16.583],[120.9073,16.584],[120.9068,16.5842]],[[120.8651,16.6067],[120.8657,16.6067],[120.866,16.6064],[120.867,16.6069],[120.8683,16.6065],[120.8699,16.6067],[120.8702,16.6065],[120.8709,16.6069],[120.8719,16.6071],[120.8725,16.607],[120.8733,16.6073],[120.8731,16.6066],[120.8735,16.6069],[120.8735,16.6066],[120.8738,16.6068],[120.8741,16.6064],[120.8745,16.6067],[120.8745,16.6064],[120.8753,16.6064],[120.8754,16.606],[120.8767,16.6052],[120.8781,16.6049],[120.8784,16.604],[120.8792,16.6043],[120.8794,16.605],[120.88,16.6046],[120.8808,16.605],[120.881,16.6055],[120.8818,16.6056],[120.8827,16.6053],[120.8831,16.6047],[120.8838,16.6045],[120.8842,16.6038],[120.885,16.6035],[120.8856,16.6023],[120.8859,16.6023],[120.8865,16.6031],[120.887,16.6032],[120.8876,16.6029],[120.891,16.6026],[120.8927,16.602],[120.8936,16.6],[120.8943,16.5992],[120.8945,16.5982],[120.8956,16.5972],[120.8966,16.597],[120.8977,16.5964],[120.8988,16.5976]],[[120.8647,16.6069],[120.8651,16.6067]],[[120.91,16.6229],[120.9096,16.6217],[120.9077,16.6193],[120.9068,16.6155],[120.9068,16.6136],[120.9076,16.611],[120.909,16.6093],[120.911,16.6088],[120.9111,16.6083],[120.9091,16.6032],[120.9092,16.6021],[120.9089,16.6014],[120.9077,16.6004],[120.9065,16.5978],[120.907,16.597],[120.9083,16.5971],[120.9093,16.5965],[120.9093,16.5961],[120.9086,16.5946],[120.9087,16.5942],[120.9079,16.5933],[120.9075,16.5934],[120.9073,16.5941],[120.9061,16.5936],[120.9048,16.594],[120.9044,16.5945]],[[120.9063,16.5817],[120.907,16.5822],[120.9084,16.5819],[120.9086,16.5823],[120.9096,16.5813],[120.9107,16.5829],[120.9113,16.5827],[120.9129,16.5835],[120.9143,16.5826],[120.9141,16.5816],[120.9144,16.5803],[120.9167,16.5809],[120.9183,16.5806],[120.9196,16.5813],[120.9205,16.5807],[120.9215,16.5808],[120.9239,16.5788],[120.9247,16.5793]],[[120.8996,16.5974],[120.8986,16.5964],[120.8978,16.5965]],[[120.9176,16.6002],[120.9167,16.6002],[120.9159,16.5983],[120.9139,16.5962],[120.9135,16.595],[120.9125,16.5948],[120.9115,16.5927],[120.9115,16.5921],[120.9103,16.5909],[120.9102,16.5905],[120.9096,16.5903],[120.9092,16.5892]],[[120.9068,16.5842],[120.9074,16.585],[120.9073,16.5859]],[[120.9074,16.5853],[120.9096,16.5861]],[[120.9067,16.584],[120.9068,16.584]],[[120.8931,16.5795],[120.8933,16.5794]],[[120.8915,16.578],[120.8914,16.5781]],[[120.9068,16.5841],[120.9063,16.5837]],[[120.8881,16.5771],[120.8881,16.5775],[120.8888,16.5777],[120.889,16.5784]],[[120.8995,16.5974],[120.8988,16.5978]],[[120.9092,16.5892],[120.9106,16.5883],[120.911,16.5873],[120.9115,16.5869],[120.9118,16.5858],[120.9132,16.5843],[120.9134,16.5839],[120.9132,16.5834]],[[120.8988,16.5976],[120.8989,16.5974]],[[120.9357,16.5749],[120.9356,16.5756],[120.9349,16.5763],[120.9347,16.5772],[120.9338,16.5781],[120.9333,16.5796],[120.9327,16.5802],[120.932,16.5801],[120.9302,16.5806],[120.9292,16.5803],[120.928,16.5815],[120.9261,16.5811],[120.9252,16.5807],[120.9253,16.58],[120.9247,16.5793]],[[120.9167,16.6001],[120.9167,16.6017],[120.9181,16.6034],[120.9184,16.6034],[120.919,16.6027],[120.9195,16.6031],[120.921,16.6034],[120.9219,16.6028],[120.9226,16.6031],[120.9233,16.6026],[120.9241,16.6029]],[[120.9241,16.6029],[120.9255,16.6032],[120.9259,16.6044],[120.9265,16.6047],[120.9267,16.6046],[120.9276,16.6055]],[[120.9276,16.6055],[120.9281,16.6061],[120.9271,16.6074],[120.9273,16.6086],[120.9281,16.6101],[120.9305,16.6122],[120.9312,16.6153],[120.9312,16.6165],[120.9315,16.6171],[120.9322,16.6175],[120.9331,16.6204],[120.9348,16.6218],[120.9361,16.6215],[120.9365,16.6222],[120.9364,16.6227],[120.9372,16.6229],[120.9375,16.6233],[120.9392,16.6262],[120.9402,16.6271],[120.941,16.6272],[120.9421,16.6279],[120.943,16.628],[120.9444,16.629],[120.9453,16.6291],[120.9464,16.6281],[120.9468,16.6282]],[[120.8631,16.5476],[120.8633,16.5483],[120.8637,16.5483]],[[120.8622,16.551],[120.8627,16.551],[120.8636,16.5502],[120.8638,16.55],[120.8635,16.5498],[120.8643,16.5492]],[[120.8644,16.5495],[120.8646,16.5502]],[[120.866,16.5511],[120.8669,16.552]],[[120.8702,16.5505],[120.8706,16.5489],[120.8703,16.5483],[120.8707,16.5479],[120.8704,16.5466],[120.8694,16.545]],[[120.8783,16.5641],[120.8786,16.5648],[120.8795,16.5656],[120.8795,16.5661],[120.8802,16.5666],[120.8801,16.567],[120.8809,16.5673],[120.8803,16.5686],[120.8812,16.5689],[120.8822,16.5687],[120.8823,16.5694],[120.8852,16.569],[120.8859,16.5697]],[[120.8811,16.5737],[120.8802,16.5736],[120.8797,16.5761],[120.879,16.5766],[120.878,16.5766],[120.8776,16.5769],[120.8778,16.5777],[120.8773,16.578],[120.877,16.5797],[120.8767,