{"route":[[121.34878,14.39537],[121.3491,14.3937],[121.35015,14.39331],[121.35086,14.3926],[121.35238,14.39228],[121.3535,14.3923],[121.3544,14.39258],[121.35543,14.39256],[121.35612,14.39181],[121.35725,14.39166],[121.35794,14.39117],[121.3597,14.39078],[121.35972,14.38973],[121.36118,14.39052],[121.36245,14.39027],[121.36343,14.38889],[121.36438,14.38812],[121.36534,14.38705],[121.36526,14.38559],[121.36541,14.38533]],"ele":[162,169,183,195,214,240,246,279,310,333,364,483,510,579,611,623,627,671,707,707],"dist_km":2.9,"ascent_m":542,"net":[[[121.3596,14.3898],[121.3612,14.3905],[121.3618,14.3906],[121.3624,14.3903],[121.3628,14.3893],[121.3641,14.3881],[121.3647,14.388],[121.3658,14.3864],[121.3656,14.386]],[[121.3541,14.3922],[121.3546,14.3927],[121.3551,14.3927],[121.3557,14.3926],[121.3559,14.3919],[121.3567,14.3914],[121.3576,14.3917],[121.3579,14.3916],[121.3579,14.3912],[121.359,14.3912],[121.3597,14.3908],[121.3596,14.3898]],[[121.3656,14.386],[121.3653,14.3856],[121.3654,14.3853]],[[121.3488,14.3954],[121.3491,14.3937],[121.3502,14.3933],[121.3505,14.3927],[121.3515,14.3923],[121.353,14.3925],[121.3541,14.3922]],[[121.3541,14.3922],[121.3544,14.3918],[121.3542,14.3915],[121.3552,14.3913],[121.3553,14.3916]],[[121.3336,14.358],[121.3332,14.3599]],[[121.3408,14.3995],[121.3411,14.3995]],[[121.3337,14.3545],[121.3354,14.3544],[121.3359,14.3541],[121.337,14.3544]],[[121.3716,14.3579],[121.3734,14.3601],[121.3738,14.36],[121.3741,14.3602],[121.3737,14.3609],[121.3728,14.3608]],[[121.4071,14.3815],[121.4071,14.3824]],[[121.3979,14.3701],[121.3975,14.3709],[121.3961,14.3713],[121.395,14.3728],[121.395,14.3733]],[[121.3394,14.4019],[121.3394,14.402]],[[121.3409,14.4004],[121.341,14.4007]],[[121.3794,14.3442],[121.3795,14.3444]],[[121.3448,14.4165],[121.3448,14.4167]],[[121.4032,14.379],[121.4032,14.3789]],[[121.333,14.3651],[121.333,14.3649]],[[121.4056,14.4036],[121.406,14.4036]],[[121.4059,14.404],[121.406,14.4037]],[[121.4061,14.4042],[121.4065,14.4046]],[[121.4069,14.3956],[121.4065,14.3957]],[[121.371,14.3552],[121.3714,14.3552]],[[121.3322,14.372],[121.3324,14.3719]],[[121.3768,14.3427],[121.3773,14.3428],[121.3774,14.3424]],[[121.3766,14.3427],[121.3768,14.3428],[121.3769,14.3423],[121.3774,14.3424]],[[121.3414,14.4074],[121.3415,14.4077]],[[121.3982,14.4138],[121.3983,14.4142],[121.4005,14.4145],[121.4025,14.4157]],[[121.4071,14.3881],[121.4063,14.3882]],[[121.4071,14.3819],[121.4073,14.3818]]],"src":"OpenStreetMap"}