{"route":[[120.87476,16.67731],[120.87496,16.67854],[120.87652,16.67894],[120.87755,16.67929],[120.8781,16.68044],[120.87979,16.68188],[120.88092,16.68243],[120.8817,16.68401],[120.88249,16.68487],[120.88286,16.68627],[120.88367,16.68699],[120.88471,16.68739],[120.8858,16.6873],[120.88587,16.68822]],"ele":[2274,2273,2278,2299,2309,2390,2440,2552,2645,2730,2739,2741,2777,2836],"dist_km":2.1,"ascent_m":533,"net":[[[120.9144,16.6539],[120.9133,16.6522],[120.9151,16.6504],[120.9154,16.6488],[120.9159,16.6481],[120.9157,16.6465],[120.9159,16.6449],[120.9164,16.6443],[120.9171,16.6441],[120.9166,16.643],[120.9172,16.6427],[120.9175,16.6421],[120.9175,16.6372],[120.9179,16.6357],[120.9186,16.6348],[120.9179,16.6345],[120.9171,16.6347],[120.9169,16.6339],[120.9163,16.6336],[120.9161,16.6318],[120.9154,16.631],[120.9156,16.6306],[120.9154,16.6295],[120.9134,16.629],[120.9128,16.6291],[120.9116,16.6287],[120.9108,16.6278],[120.9109,16.6267],[120.9103,16.6262]],[[120.9142,16.6552],[120.9144,16.6539]],[[120.8323,16.6647],[120.8322,16.6662],[120.8331,16.6661],[120.8341,16.6669],[120.8346,16.6684],[120.8341,16.6687],[120.8345,16.6696],[120.8361,16.6704],[120.8363,16.6709],[120.8376,16.6717],[120.8393,16.6716],[120.8398,16.6712],[120.8417,16.6719],[120.8412,16.674],[120.8421,16.6763]],[[120.9071,16.6571],[120.9068,16.6571],[120.9068,16.6578],[120.9064,16.6577],[120.9063,16.6579],[120.9054,16.657],[120.9046,16.658],[120.9026,16.6588],[120.9015,16.6599],[120.9002,16.6599]],[[120.8365,16.6769],[120.8368,16.6779],[120.8377,16.6782],[120.8378,16.6789],[120.8387,16.6793],[120.8387,16.6806],[120.8397,16.6817],[120.8406,16.6814],[120.8413,16.6807],[120.8418,16.6809],[120.8428,16.6805],[120.844,16.6814]],[[120.8388,16.6832],[120.8387,16.6834],[120.8394,16.6846],[120.8386,16.6843],[120.8378,16.6845],[120.837,16.685],[120.8372,16.6855],[120.8369,16.6861],[120.8367,16.686]],[[120.862,16.6645],[120.8613,16.6639],[120.86,16.6637],[120.8617,16.6632],[120.8621,16.6622],[120.8639,16.6617],[120.8628,16.6617],[120.8622,16.661],[120.8614,16.6611],[120.8607,16.6625],[120.8603,16.662],[120.859,16.6623],[120.8581,16.662],[120.8568,16.6634],[120.8572,16.6643],[120.8564,16.6636],[120.8557,16.6622]],[[120.8721,16.67],[120.8731,16.6702],[120.874,16.6696],[120.8757,16.6701]],[[120.8712,16.6763],[120.8719,16.6774],[120.872,16.6803],[120.8749,16.681],[120.8749,16.6826],[120.8742,16.6842],[120.8739,16.6862],[120.8726,16.6873],[120.872,16.6874],[120.8718,16.6882],[120.872,16.6889],[120.8702,16.6901],[120.8692,16.6915],[120.8672,16.6929],[120.8671,16.6934],[120.8674,16.6939]],[[120.8536,16.7154],[120.8525,16.7155]],[[120.8601,16.708],[120.8597,16.7081],[120.8591,16.7078],[120.8586,16.7068],[120.8591,16.7068],[120.8589,16.7061],[120.8579,16.7055],[120.8575,16.7056]],[[120.8657,16.7106],[120.8662,16.7106],[120.8661,16.71],[120.8665,16.7094],[120.867,16.7094],[120.8683,16.7103],[120.8682,16.7109],[120.8686,16.7113]],[[120.8721,16.7132],[120.8732,16.7132]],[[120.8732,16.7132],[120.8725,16.7125],[120.8719,16.7125],[120.8732,16.7105],[120.8728,16.7085]],[[120.8728,16.7085],[120.8712,16.7069],[120.87,16.7064],[120.8703,16.7061],[120.8701,16.7051],[120.871,16.7053],[120.8714,16.7051],[120.8728,16.7062],[120.8736,16.7057],[120.874,16.7064],[120.8736,16.709]],[[120.8736,16.709],[120.8731,16.7108]],[[120.8736,16.7084],[120.8735,16.707]],[[120.8735,16.707],[120.8728,16.7086]],[[120.8726,16.7059],[120.873,16.7058],[120.8733,16.7043]],[[120.8736,16.709],[120.874,16.7094],[120.8747,16.7091],[120.8756,16.71],[120.876,16.7122],[120.8766,16.7128]],[[120.876,16.7113],[120.8756,16.7113],[120.8753,16.7117],[120.8755,16.7124],[120.8754,16.7134],[120.8764,16.7138]],[[120.8738,16.7136],[120.8732,16.7132]],[[120.8831,16.7297],[120.8842,16.7296],[120.8849,16.7301]],[[120.8771,16.7288],[120.8786,16.7269],[120.8784,16.7263]],[[120.8758,16.7256],[120.8748,16.7238],[120.8735,16.7238]],[[120.8741,16.7239],[120.8745,16.724],[120.8747,16.7247]],[[120.8721,16.7252],[120.8723,16.7249],[120.873,16.725]],[[120.87,16.7209],[120.8709,16.7205],[120.8734,16.7178]],[[120.8726,16.7135],[120.8738,16.7139],[120.874,16.7143]],[[120.8738,16.7136],[120.8748,16.7142],[120.875,16.7138]],[[120.8753,16.714],[120.8753,16.7145]],[[120.9281,16.6816],[120.9257,16.6825],[120.926,16.6827],[120.9259,16.6836],[120.9268,16.6839],[120.9275,16.685],[120.9281,16.685],[120.9285,16.6854]],[[120.8696,16.7216],[120.8691,16.7218],[120.8679,16.7214],[120.8669,16.7202],[120.8673,16.72]],[[120.8936,16.7333],[120.8971,16.7333],[120.8969,16.733],[120.8959,16.7329],[120.8957,16.7317],[120.8962,16.7308]],[[120.9106,16.7166],[120.9114,16.7166],[120.9117,16.7184],[120.9133,16.7187]],[[120.8631,16.7195],[120.8629,16.72]],[[120.85,16.6729],[120.8503,16.6722]],[[120.8666,16.6682],[120.8684,16.6683],[120.8692,16.668],[120.8699,16.6685],[120.8705,16.6684],[120.8714,16.6688],[120.8717,16.6683],[120.8723,16.6683]],[[120.8697,16.6645],[120.8703,16.6647]],[[120.8585,16.67],[120.8585,16.6696],[120.8588,16.6693],[120.8582,16.6686],[120.8591,16.6676],[120.8584,16.6669],[120.8587,16.6663]],[[120.8708,16.7271],[120.8713,16.7274]],[[120.8701,16.7262],[120.87,16.7268],[120.8706,16.7268],[120.8708,16.7271],[120.8702,16.7281],[120.8704,16.7287]],[[120.8594,16.6869],[120.8605,16.6878],[120.8623,16.6877],[120.862,16.6871],[120.8624,16.6862],[120.8629,16.6861],[120.863,16.6854],[120.8638,16.6852],[120.864,16.6853],[120.8639,16.6863],[120.8645,16.6867],[120.8657,16.6865],[120.8659,16.6862]],[[120.9321,16.6775],[120.9315,16.6782],[120.9297,16.6775],[120.9292,16.6777]],[[120.8714,16.7131],[120.871,16.7116],[120.8714,16.7112],[120.8713,16.7103]],[[120.87,16.7094],[120.8689,16.7095]],[[120.8701,16.7114],[120.87,16.7092],[120.8695,16.709],[120.87,16.7082]],[[120.8715,16.7132],[120.8705,16.7143],[120.8675,16.7148],[120.8665,16.7146]],[[120.8494,16.6741],[120.8497,16.6763],[120.8512,16.6763],[120.8513,16.6767],[120.852,16.6768],[120.8532,16.6786],[120.8541,16.6786],[120.8547,16.6783]],[[120.8747,16.7305],[120.8735,16.7311]],[[120.8742,16.729],[120.8738,16.7301],[120.8747,16.7302],[120.8742,16.7311],[120.8745,16.7314]],[[120.9194,16.6635],[120.9203,16.6628],[120.9205,16.6631],[120.922,16.6632],[120.9224,16.663]],[[120.9124,16.6611],[120.9129,16.6622],[120.9148,16.6634],[120.9168,16.6631]],[[120.8748,16.6773],[120.8751,16.6777],[120.875,16.6785],[120.8758,16.6789],[120.8768,16.6789],[120.8776,16.6793],[120.8787,16.6811],[120.8809,16.6824],[120.8817,16.684],[120.8823,16.6844],[120.8827,16.6851],[120.8831,16.6869],[120.8845,16.6874],[120.8854,16.6871],[120.886,16.6876],[120.8859,16.6882]],[[120.9101,16.6572],[120.9091,16.6575],[120.9073,16.6571]],[[120.9073,16.6571],[120.9071,16.6571]]],"src":"OpenStreetMap"}