{"route":[[120.77862,14.13219],[120.7775,14.13162],[120.77677,14.13095],[120.77644,14.13024],[120.77702,14.12946],[120.77676,14.12819],[120.77686,14.12666],[120.77601,14.12611],[120.77478,14.12487],[120.77421,14.12422],[120.77363,14.12289],[120.77296,14.12206],[120.77253,14.12081],[120.7717,14.12003],[120.7704,14.12004],[120.77028,14.11891],[120.7696,14.11753],[120.76824,14.11672],[120.7671,14.11666],[120.76617,14.11613],[120.76602,14.11521],[120.76498,14.11456],[120.76461,14.11361],[120.76373,14.11217],[120.7626,14.11123],[120.76172,14.11064],[120.76115,14.10941],[120.76047,14.10836],[120.7593,14.10809]],"ele":[264,237,224,193,198,213,226,232,243,243,265,288,309,332,393,425,420,456,502,494,527,537,514,480,522,589,604,610,640],"dist_km":4.4,"ascent_m":444,"net":[[[120.768,14.0941],[120.7674,14.0941],[120.7664,14.097],[120.7656,14.0982],[120.7651,14.0984],[120.7644,14.0998],[120.7633,14.1028],[120.7634,14.1037],[120.7628,14.1048],[120.7619,14.1054],[120.7609,14.1057],[120.7604,14.1064],[120.7601,14.1079],[120.759,14.108]],[[120.7712,14.1],[120.7707,14.1007],[120.7685,14.1016],[120.7679,14.1005],[120.7673,14.1004],[120.7666,14.1008],[120.7659,14.1022],[120.766,14.1035],[120.765,14.1039],[120.7642,14.1034]],[[120.7705,14.092],[120.7705,14.0919]],[[120.7696,14.094],[120.7696,14.0939]],[[120.7665,14.0967],[120.766,14.0969],[120.7656,14.0979]],[[120.7661,14.0968],[120.7661,14.0957],[120.7656,14.0954],[120.7651,14.0931],[120.7658,14.0926],[120.7662,14.0912]],[[120.759,14.108],[120.7578,14.1072]],[[120.7604,14.1065],[120.7602,14.1059]],[[120.7633,14.1038],[120.7627,14.1025],[120.7635,14.1026]],[[120.7641,14.0856],[120.7629,14.0879]],[[120.7704,14.0908],[120.7702,14.0904]],[[120.7702,14.0921],[120.7704,14.092]],[[120.7705,14.0919],[120.7705,14.0917]],[[120.7702,14.0921],[120.7687,14.0939]],[[120.7673,14.0944],[120.7667,14.0949],[120.7663,14.0972]],[[120.7621,14.1061],[120.7617,14.1073],[120.7607,14.1085]],[[120.7704,14.092],[120.77,14.0916],[120.7696,14.0924],[120.7686,14.0928],[120.7685,14.0934],[120.768,14.0941]],[[120.7659,14.0978],[120.765,14.0987]],[[120.7704,14.0905],[120.7711,14.0904],[120.7711,14.0909]],[[120.7447,14.0865],[120.746,14.0865],[120.7488,14.0876],[120.7516,14.0881],[120.7528,14.0888]],[[120.7705,14.0919],[120.7704,14.092]],[[120.7704,14.092],[120.7705,14.093],[120.7702,14.0934],[120.7694,14.094],[120.768,14.0941]],[[120.791,14.0489],[120.7902,14.0493],[120.79,14.0508],[120.7875,14.0513],[120.787,14.0518],[120.7877,14.0522],[120.7879,14.0529],[120.7874,14.0546],[120.7879,14.0556],[120.7895,14.0567],[120.7887,14.0587],[120.7892,14.0606],[120.7899,14.0615],[120.7899,14.0637],[120.7907,14.0653],[120.7899,14.0658],[120.7899,14.0686],[120.7889,14.0688],[120.7885,14.0683],[120.788,14.0684],[120.7866,14.069],[120.786,14.069],[120.7857,14.0701],[120.7839,14.0702],[120.7838,14.0708],[120.783,14.0714],[120.7834,14.0719],[120.7841,14.0721],[120.7835,14.0735],[120.7831,14.0737],[120.7821,14.0735],[120.781,14.074]],[[120.7752,14.0861],[120.7751,14.087],[120.7759,14.0882],[120.7758,14.0886]],[[120.7978,14.0827],[120.7935,14.0842],[120.7895,14.0846],[120.7889,14.0861],[120.7876,14.086],[120.7874,14.0867],[120.7857,14.0869],[120.7848,14.088],[120.7813,14.0881],[120.7778,14.087],[120.7768,14.0873],[120.7764,14.0871]],[[120.7976,14.0825],[120.7978,14.083],[120.7973,14.0848],[120.7971,14.0865]],[[120.776,14.0886],[120.7764,14.0871],[120.776,14.0864],[120.7752,14.0861],[120.7753,14.0853]],[[120.781,14.074],[120.7804,14.0749],[120.7796,14.0751],[120.7805,14.0754],[120.7811,14.0766],[120.7811,14.0776],[120.7806,14.0779],[120.7798,14.0778],[120.7791,14.0782],[120.7777,14.0783],[120.7776,14.0791],[120.777,14.0794],[120.7766,14.0801],[120.7759,14.0801],[120.7769,14.0815],[120.7769,14.0824],[120.7764,14.0837],[120.7766,14.0841],[120.7764,14.0845],[120.7757,14.0845],[120.7756,14.0851],[120.7753,14.0853]],[[120.7537,14.1383],[120.7521,14.1382],[120.7505,14.1385],[120.7452,14.138],[120.7437,14.1385],[120.7409,14.1381],[120.7389,14.1375],[120.7367,14.1376]],[[120.7604,14.1452],[120.7595,14.1455],[120.7557,14.1455],[120.7535,14.1443],[120.7455,14.1423]],[[120.7371,14.1449],[120.7368,14.1462],[120.7371,14.1469],[120.7367,14.1512],[120.7363,14.152],[120.7351,14.153],[120.7347,14.1519],[120.7329,14.1505],[120.7332,14.1494],[120.733,14.1482],[120.7321,14.1472],[120.7324,14.1448]],[[120.7233,14.1148],[120.7233,14.1132],[120.7241,14.1118]],[[120.7323,14.1347],[120.7319,14.1344],[120.7302,14.1341],[120.7281,14.133],[120.7275,14.1323],[120.727,14.1307],[120.726,14.1303]],[[120.7207,14.0949],[120.7237,14.095]],[[120.7357,14.0953],[120.7358,14.0957],[120.737,14.0959],[120.7373,14.0964]],[[120.7201,14.099],[120.7207,14.0989],[120.7213,14.0966]],[[120.7285,14.0956],[120.7282,14.0962],[120.7268,14.0963],[120.7263,14.0967]],[[120.7401,14.0961],[120.7402,14.0969],[120.7415,14.0985]],[[120.7283,14.0961],[120.7282,14.0971],[120.7299,14.0984],[120.7295,14.0992]],[[120.7295,14.0992],[120.7273,14.1004],[120.7272,14.1008],[120.7264,14.1015]],[[120.7275,14.1066],[120.727,14.1061],[120.727,14.1053],[120.7262,14.1053],[120.7255,14.1046]],[[120.7356,14.0978],[120.736,14.0997],[120.7359,14.1017]],[[120.7356,14.0978],[120.7347,14.0967],[120.7346,14.0958],[120.734,14.0955],[120.7293,14.0958],[120.7283,14.0956],[120.7282,14.0948]],[[120.7264,14.1015],[120.7259,14.1015]],[[120.7263,14.0967],[120.7255,14.0968]],[[120.7212,14.0965],[120.721,14.0969]],[[120.7234,14.0925],[120.7238,14.0895],[120.7238,14.0885],[120.7235,14.0884]],[[120.7535,14.1383],[120.7521,14.1376],[120.752,14.1369],[120.7516,14.1366]],[[120.7702,14.1009],[120.7699,14.1021],[120.7691,14.1033],[120.7686,14.1055]],[[120.7749,14.1123],[120.7747,14.1121],[120.7743,14.1125],[120.773,14.1126],[120.7728,14.1131],[120.772,14.1132],[120.7716,14.1124],[120.7708,14.112],[120.7704,14.1121],[120.7698,14.1106],[120.7694,14.1106],[120.7676,14.1095],[120.7671,14.1082],[120.7674,14.1076],[120.7649,14.1071],[120.7642,14.1066],[120.7631,14.1052]],[[120.7823,14.1112],[120.7833,14.113],[120.7833,14.1139],[120.7829,14.115],[120.7817,14.1161],[120.781,14.1179],[120.7811,14.1187],[120.7808,14.1186],[120.7807,14.1191]],[[120.7423,14.0922],[120.739,14.0922],[120.7376,14.0915],[120.7338,14.0918]],[[120.761,14.0718],[120.7607,14.0724],[120.76,14.0724]],[[120.7609,14.0691],[120.7609,14.0696],[120.7617,14.0702]],[[120.7235,14.0815],[120.7255,14.0816]],[[120.7235,14.0837],[120.7235,14.0815]],[[120.7762,14.1118],[120.7762,14.1134],[120.7755,14.1144],[120.7748,14.1148],[120.7724,14.1151],[120.7715,14.1162],[120.7715,14.1169],[120.7711,14.1167],[120.7707,14.117],[120.7699,14.117],[120.7692,14.1173],[120.7682,14.1167],[120.768,14.1163],[120.7671,14.1167],[120.7662,14.1164],[120.7666,14.1151],[120.7662,14.1148],[120.7664,14.1138],[120.7673,14.1124]],[[120.7212,14.1102],[120.7218,14.1069]],[[120.7264,14.1086],[120.7263,14.1094],[120.7251,14.1095],[120.7249,14.1092],[120.7241,14.1095]],[[120.741,14.093],[120.7399,14.0928],[120.7395,14.0932]],[[120.7423,14.0912],[120.7431,14.0916],[120.7454,14.0912],[120.747,14.0946]],[[120.7971,14.0865],[120.7965,14.089]],[[120.7223,14.1215],[120.7221,14.1215]],[[120.7663,14.0636],[120.7668,14.0633],[120.7678,14.0635],[120.7688,14.0644],[120.77,14.0649]],[[120.7228,14.1193],[120.7219,14.1191]],[[120.7991,14.1282],[120.7993,14.1283]],[[120.7418,14.1382],[120.7411,14.1406],[120.7386,14.1407]],[[120.7321,14.1286],[120.7321,14.1281]],[[120.7866,14.1092],[120.7868,14.108],[120.7859,14.1064],[120.7868,14.1062],[120.7876,14.1065],[120.7863,14.1101],[120.7864,14.111]],[[120.7866,14.111],[120.7879,14.1103],[120.789,14.1082]],[[120.762,14.1457],[120.7621,14.1458]],[[120.7974,14.1195],[120.7977,14.1196],[120.7983,14.1191]],[[120.7872,14.1275],[120.7873,14.1275]],[[120.7841,14.1352],[120.7825,14.1364],[120.7815,14.1377]],[[120.7627,14.105],[120.7631,14.1052]],[[120.7786,14.1113],[120.7766,14.1117]],[[120.7747,14.0723],[120.7744,14.0727],[120.7746,14.0737]],[[120.7767,14.0747],[120.7751,14.0757],[120.7726,14.0756],[120.7686,14.0742],[120.767,