{"route":[[123.20741,9.28136],[123.20581,9.28102],[123.20482,9.28038],[123.20398,9.2799],[123.20286,9.27933],[123.20246,9.27942],[123.19996,9.27799],[123.19886,9.27781],[123.19646,9.27807],[123.19503,9.27786],[123.19346,9.27711],[123.19231,9.27686],[123.19092,9.27674],[123.18944,9.27632],[123.18858,9.27624],[123.18618,9.27508],[123.18529,9.27386],[123.18365,9.27332],[123.18252,9.27341],[123.18142,9.27326],[123.18026,9.27302],[123.17903,9.27195],[123.17852,9.27098],[123.17741,9.2708],[123.17626,9.2705],[123.17578,9.26942],[123.17536,9.26742],[123.17527,9.2663],[123.17715,9.26469],[123.17816,9.26393],[123.17888,9.2624],[123.17949,9.26165],[123.17983,9.26066],[123.17946,9.25986],[123.17896,9.25856],[123.17803,9.2568],[123.17703,9.256],[123.17633,9.25491],[123.17649,9.25375],[123.17688,9.25252],[123.17652,9.251],[123.17524,9.2501],[123.1752,9.24896],[123.17523,9.24787],[123.17522,9.24669],[123.17624,9.24541],[123.1772,9.24471],[123.17776,9.24456]],"ele":[655,578,627,693,709,721,823,832,830,814,890,898,904,1017,1031,1068,1109,1158,1162,1191,1195,1154,1129,1159,1163,1165,1175,1158,1207,1209,1227,1240,1258,1278,1323,1368,1384,1461,1500,1587,1599,1584,1580,1572,1574,1668,1757,1807],"dist_km":7.7,"ascent_m":1220,"net":[[[123.2055,9.2789],[123.2059,9.2798],[123.2071,9.2801],[123.207,9.2806],[123.2075,9.281],[123.2076,9.2813]],[[123.2013,9.2426],[123.201,9.2423],[123.201,9.2433],[123.2004,9.2427],[123.1994,9.2438],[123.1989,9.2439],[123.198,9.245]],[[123.1999,9.223],[123.2006,9.2229],[123.2003,9.2238],[123.2007,9.2243],[123.1998,9.2246]],[[123.1994,9.2226],[123.1999,9.223]],[[123.2261,9.2618],[123.2254,9.262],[123.2226,9.2613],[123.222,9.2616],[123.2216,9.2624],[123.2195,9.2617],[123.2181,9.2624],[123.2144,9.262]],[[123.1985,9.2048],[123.1987,9.2052],[123.1985,9.2077],[123.198,9.2082],[123.1981,9.2092],[123.1972,9.2101],[123.1969,9.2115]],[[123.1997,9.2077],[123.2001,9.2029],[123.2008,9.2022],[123.2007,9.2015],[123.2021,9.1988],[123.2039,9.1928],[123.2058,9.1902],[123.2063,9.1889]],[[123.1916,9.2091],[123.1916,9.2031],[123.1921,9.2006]],[[123.1986,9.2228],[123.197,9.2233]],[[123.197,9.2233],[123.1951,9.2239]],[[123.1951,9.2239],[123.1938,9.2237]],[[123.1766,9.2512],[123.1773,9.2518],[123.1807,9.2519],[123.1824,9.2511],[123.1834,9.2499],[123.1861,9.2494],[123.1871,9.2499],[123.1872,9.2504],[123.1901,9.2481],[123.1919,9.2471],[123.1923,9.2462],[123.1938,9.2461],[123.1952,9.2454],[123.1975,9.2454],[123.198,9.245]],[[123.1752,9.2668],[123.1753,9.2663],[123.176,9.2661],[123.1772,9.2647],[123.1782,9.2639],[123.1784,9.263],[123.1795,9.2622],[123.1794,9.2611],[123.1801,9.2605],[123.1795,9.2599],[123.178,9.2568],[123.1763,9.2555],[123.1769,9.2525],[123.1766,9.2512]],[[123.2074,9.2814],[123.2058,9.281],[123.2048,9.2804],[123.2047,9.2799],[123.204,9.2799],[123.2029,9.2793],[123.2027,9.279],[123.2024,9.2791],[123.2024,9.2795],[123.2018,9.2793],[123.1994,9.2778],[123.1979,9.2782],[123.1965,9.2781],[123.195,9.2779],[123.1928,9.2769],[123.1912,9.277],[123.1894,9.2763],[123.1889,9.2766],[123.1877,9.2757],[123.1859,9.2748]],[[123.1751,9.2473],[123.1752,9.2467],[123.1762,9.2454],[123.1778,9.2446]],[[123.198,9.245],[123.198,9.246]],[[123.2194,9.2329],[123.2227,9.2311],[123.224,9.2294]],[[123.2117,9.2529],[123.2114,9.2544],[123.211,9.2547],[123.2096,9.2545],[123.2094,9.2548],[123.2083,9.2551],[123.2078,9.2548]],[[123.2064,9.2168],[123.206,9.2151],[123.2071,9.2128]],[[123.2194,9.2329],[123.2178,9.2345],[123.2172,9.2347]],[[123.2057,9.2128],[123.2054,9.2124]],[[123.1991,9.2228],[123.1986,9.2232]],[[123.18,9.2072],[123.1795,9.2074],[123.1778,9.2064]],[[123.2149,9.2204],[123.2132,9.2178],[123.2133,9.2174]],[[123.2077,9.2175],[123.2064,9.2172]],[[123.2064,9.2172],[123.2064,9.2168]],[[123.1814,9.2079],[123.1821,9.2087],[123.1825,9.2085],[123.1826,9.2076],[123.1832,9.2084],[123.1846,9.2086]],[[123.1818,9.2085],[123.1818,9.207]],[[123.1746,9.2052],[123.1738,9.2056],[123.1735,9.2063],[123.1718,9.2078],[123.1718,9.2096]],[[123.1782,9.2055],[123.1746,9.2052]],[[123.1766,9.2059],[123.1763,9.2056],[123.1749,9.2057],[123.1746,9.2052]],[[123.1773,9.2058],[123.1766,9.2059]],[[123.181,9.2073],[123.18,9.2072]],[[123.1814,9.2079],[123.181,9.2073]],[[123.2229,9.2399],[123.2214,9.2366]],[[123.2007,9.2134],[123.1996,9.2147],[123.2001,9.2153],[123.1994,9.2166],[123.198,9.2178],[123.1967,9.2194],[123.1957,9.2198],[123.1935,9.2218],[123.1934,9.2221],[123.1946,9.223],[123.1946,9.2236],[123.195,9.224]],[[123.1524,9.2713],[123.1526,9.2711],[123.1529,9.2715],[123.1526,9.2718],[123.151,9.2709],[123.15,9.2711],[123.149,9.2706],[123.1481,9.2711]],[[123.2156,9.265],[123.2176,9.2651],[123.2179,9.2648],[123.2182,9.265],[123.2179,9.2654],[123.2181,9.2658]],[[123.2132,9.2533],[123.215,9.2525],[123.2156,9.2527],[123.2182,9.2516],[123.22,9.252],[123.2207,9.2511],[123.2216,9.2513],[123.2226,9.251],[123.2236,9.2503]],[[123.214,9.2552],[123.2134,9.2551],[123.2133,9.2544]],[[123.2095,9.2547],[123.2109,9.2551],[123.2112,9.255],[123.2111,9.2546]],[[123.2078,9.2548],[123.207,9.2544],[123.2069,9.2537],[123.2075,9.2524],[123.2097,9.2516],[123.2101,9.2521]],[[123.2181,9.266],[123.2161,9.2657],[123.2153,9.2648],[123.2143,9.2647],[123.2139,9.2642],[123.2129,9.264],[123.2122,9.2633],[123.2112,9.263],[123.2102,9.2631],[123.2093,9.2627],[123.2084,9.2626],[123.2081,9.2623],[123.2077,9.2625],[123.207,9.2623],[123.2065,9.2618],[123.2012,9.2601],[123.2015,9.2599],[123.2035,9.2598],[123.2041,9.2593],[123.2068,9.2591],[123.2073,9.2596],[123.2101,9.2596]],[[123.2093,9.251],[123.2109,9.2497],[123.2117,9.2496]],[[123.2019,9.2507],[123.2038,9.2487],[123.2052,9.248],[123.2054,9.2481],[123.2049,9.2489],[123.205,9.2496],[123.2078,9.2485],[123.2085,9.2503],[123.2098,9.2516]],[[123.1485,9.2684],[123.1484,9.2677],[123.1498,9.2661],[123.1495,9.2657],[123.1498,9.2637],[123.1507,9.2632],[123.1512,9.2622],[123.1521,9.2615],[123.1526,9.2605],[123.1533,9.2602],[123.1538,9.2589],[123.1539,9.2575],[123.1547,9.2569],[123.1544,9.256],[123.155,9.255],[123.1563,9.2545],[123.1573,9.2536],[123.1581,9.2517],[123.1628,9.2504],[123.1634,9.2496],[123.1643,9.2492]],[[123.1766,9.2512],[123.1761,9.2505],[123.1752,9.2501],[123.175,9.2494],[123.1753,9.2484],[123.1751,9.2473]],[[123.2008,9.2453],[123.2011,9.2445],[123.2013,9.2448],[123.2017,9.2442],[123.2021,9.2446]],[[123.2013,9.2426],[123.2023,9.2438]],[[123.2033,9.2427],[123.2017,9.2423],[123.2013,9.2426]],[[123.1798,9.2608],[123.1823,9.2604],[123.1824,9.2601],[123.183,9.26],[123.1829,9.2591],[123.1838,9.258],[123.185,9.2545],[123.1865,9.2529],[123.1869,9.252],[123.1867,9.2518],[123.1873,9.2513],[123.1872,9.2504]],[[123.1801,9.2605],[123.1807,9.2604]],[[123.1754,9.2662],[123.174,9.2653],[123.1752,9.2668]],[[123.2031,9.2793],[123.2036,9.2786],[123.2045,9.2791],[123.2047,9.2799]],[[123.1687,9.2842],[123.1691,9.2837],[123.1684,9.2823],[123.1688,9.2813],[123.1702,9.2804],[123.1716,9.2777],[123.1714,9.2768],[123.1731,9.2761],[123.1748,9.2734],[123.1744,9.2708],[123.1756,9.2691]],[[123.1778,9.2642],[123.1782,9.2642],[123.1782,9.2639]],[[123.1859,9.2748],[123.1853,9.2739],[123.1836,9.2733],[123.1828,9.2736],[123.1805,9.2732],[123.1802,9.2727],[123.179,9.272],[123.1785,9.271],[123.177,9.2709],[123.1763,9.2705],[123.1755,9.2689],[123.1752,9.2668]],[[123.1643,9.2492],[123.1645,9.2487],[123.1643,9.2473],[123.1652,9.2471],[123.1671,9.2449],[123.1687,9.2449],[123.1702,9.2444],[123.1709,9.245],[123.1715,9.2444],[123.1726,9.2445],[123.1731,9.2448],[123.1728,9.2452],[123.1731,9.246],[123.1751,9.2473]],[[123.2166,9.2749],[123.2147,9.2741],[123.2141,9.2733],[123.2143,9.2725],[123.2137,9.2719],[123.2128,9.2701],[123.2124,9.27],[123.2122,9.2703],[123.2114,9.2696],[123.2104,9.2696],[123.209,9.2687],[123.2057,9.2692],[123.2042,9.27],[123.2028,9.2696],[123.2015,9.2701],[123.203,9.271],[123.2059,9.2711],[123.2095,9.2722],[123.2135,9.2768],[123.2139,9.2768],[123.2145,9.2777],[123.2171,9.2794],[123.2179,9.2795]],[[123.1687,9.2842],[123.1687,9.2842]]],"src":"OpenStreetMap"}