{"route":[[125.27343,7.01114],[125.27366,7.01248],[125.27417,7.01385],[125.27382,7.01508],[125.27304,7.01599],[125.2738,7.01696],[125.27433,7.01789],[125.2754,7.01861],[125.27575,7.01959],[125.27578,7.0211],[125.27676,7.02226],[125.27843,7.02252],[125.27927,7.02329],[125.28081,7.02307],[125.28191,7.02303],[125.2834,7.02366],[125.28443,7.02413],[125.28515,7.02511],[125.28675,7.02564],[125.28805,7.0248],[125.29076,7.02411],[125.29222,7.02415],[125.29328,7.02424],[125.29256,7.02563],[125.29292,7.02677],[125.29574,7.0272],[125.29689,7.02698],[125.30004,7.02716],[125.30241,7.02711],[125.30339,7.0274],[125.30446,7.02711],[125.30557,7.02679],[125.30678,7.02833],[125.30853,7.02865],[125.30949,7.02894],[125.31087,7.02903],[125.31247,7.0287],[125.31128,7.03066],[125.31097,7.03202],[125.30995,7.03352],[125.3108,7.0351],[125.31181,7.03662],[125.31283,7.03742],[125.31402,7.03876],[125.31503,7.03921],[125.31694,7.0408]],"ele":[2296,2274,2252,2238,2211,2220,2234,2224,2242,2287,2292,2255,2268,2261,2256,2190,2202,2141,2187,2163,2145,2149,2097,2087,2024,2063,2070,2071,2093,2131,2150,2156,2241,2255,2291,2349,2389,2465,2480,2558,2592,2655,2635,2610,2631,2668],"dist_km":8.1,"ascent_m":663,"net":[[[125.3248,7.0532],[125.3214,7.0518],[125.3195,7.0504],[125.3188,7.0491],[125.3186,7.048],[125.319,7.0454],[125.3179,7.044],[125.3183,7.0423],[125.3172,7.041],[125.315,7.0392],[125.314,7.0388],[125.3136,7.0379],[125.3128,7.0374],[125.3124,7.0367],[125.3118,7.0366],[125.311,7.0359],[125.3099,7.0334],[125.3104,7.0323],[125.311,7.032],[125.3113,7.0307],[125.3125,7.0287],[125.3116,7.0287],[125.3102,7.0292],[125.3091,7.0286],[125.3071,7.0285],[125.3058,7.0276],[125.3056,7.0268],[125.3041,7.0274],[125.3038,7.0272],[125.3032,7.0277],[125.3024,7.0271],[125.2969,7.027],[125.2957,7.0272],[125.2929,7.0268],[125.2926,7.0265],[125.2926,7.0256],[125.2934,7.0248],[125.293,7.0241],[125.2888,7.0242],[125.2867,7.0256],[125.2851,7.0251],[125.2844,7.0241],[125.2827,7.0231],[125.2808,7.0231],[125.2797,7.0234],[125.2793,7.0233],[125.2784,7.0225],[125.2768,7.0223],[125.2756,7.0206],[125.2756,7.0189],[125.2741,7.0177],[125.273,7.016],[125.2733,7.0153],[125.2738,7.0151],[125.2742,7.0139],[125.2734,7.0111]],[[125.341,7.0775],[125.3406,7.0771],[125.3403,7.0772],[125.3406,7.0781]],[[125.329,7.0608],[125.3284,7.0586],[125.3283,7.0561],[125.3278,7.0556],[125.3275,7.0536],[125.3248,7.0532]],[[125.3146,7.0838],[125.3161,7.0838],[125.3164,7.0832],[125.317,7.0829],[125.3193,7.0836],[125.32,7.0831],[125.3223,7.0847]],[[125.3272,7.075],[125.3278,7.0762],[125.3283,7.0793],[125.3288,7.0802],[125.3285,7.0805],[125.3288,7.0829],[125.3296,7.0854],[125.3295,7.0867]],[[125.3387,7.0853],[125.3386,7.0835],[125.3382,7.0819],[125.3372,7.0804],[125.3363,7.0781],[125.3362,7.0759],[125.3352,7.0744]],[[125.3604,7.0377],[125.3638,7.0381],[125.3641,7.0386],[125.366,7.0383]],[[125.3435,7.074],[125.3424,7.0719]],[[125.3424,7.0752],[125.3422,7.0747],[125.3429,7.0744],[125.343,7.0737],[125.3435,7.074]],[[125.3235,7.0853],[125.3228,7.0861],[125.3216,7.0861],[125.321,7.0864]],[[125.314,7.085],[125.3154,7.0852],[125.3164,7.0861],[125.3199,7.0862]],[[125.3146,7.0838],[125.314,7.085]],[[125.3143,7.0826],[125.3145,7.0827],[125.3145,7.0832]],[[125.3083,7.0802],[125.309,7.0809]],[[125.3083,7.0802],[125.3098,7.0801],[125.3123,7.0822],[125.3132,7.0826],[125.314,7.0824],[125.3143,7.0826]],[[125.3057,7.078],[125.3057,7.0784],[125.3074,7.0791],[125.3083,7.0802]],[[125.3499,7.0336],[125.3517,7.0333],[125.3535,7.0324],[125.3549,7.0321],[125.3591,7.0299],[125.3615,7.0303],[125.3634,7.03]],[[125.3499,7.0336],[125.3505,7.0346]],[[125.3362,7.0184],[125.3373,7.0199],[125.3388,7.0203],[125.3405,7.0217],[125.3415,7.0217],[125.3422,7.0222],[125.3426,7.0235],[125.3449,7.0253],[125.3465,7.027],[125.3466,7.0291],[125.3475,7.0306]],[[125.3613,7.0338],[125.3617,7.0339]],[[125.3592,7.0371],[125.3598,7.0372],[125.3604,7.0377]],[[125.3649,7.0397],[125.3636,7.0397],[125.3615,7.0388],[125.3608,7.0384],[125.3604,7.0377]],[[125.3613,7.0338],[125.3589,7.0344],[125.3574,7.0341],[125.3568,7.0343],[125.3547,7.0339],[125.3528,7.0344],[125.3505,7.0346]],[[125.329,7.0608],[125.3282,7.0608],[125.3261,7.0592],[125.326,7.0569],[125.3252,7.0556],[125.3248,7.0532]],[[125.3352,7.0744],[125.3353,7.0737],[125.3338,7.0705],[125.3324,7.069],[125.3324,7.0675],[125.3317,7.0666],[125.3318,7.0657],[125.3313,7.0651],[125.3313,7.0641],[125.3296,7.0627],[125.329,7.0608]],[[125.3143,7.0826],[125.3145,7.0832]],[[125.3145,7.0832],[125.3146,7.0838]],[[125.314,7.085],[125.3138,7.0857]],[[125.3223,7.0847],[125.3226,7.085],[125.3233,7.0852]],[[125.3233,7.0852],[125.3248,7.0856],[125.3252,7.0862],[125.326,7.0863]],[[125.3223,7.0847],[125.3225,7.0853],[125.3233,7.0852]],[[125.3475,7.0306],[125.3481,7.0322],[125.3494,7.0328],[125.3499,7.0336]],[[125.3617,7.0339],[125.3613,7.0338]]],"src":"OpenStreetMap"}