{"route":[[120.04146,15.44673],[120.04282,15.44642],[120.04422,15.44697],[120.04597,15.44743],[120.04778,15.44778],[120.04879,15.44869],[120.04983,15.44938],[120.05111,15.45029],[120.05245,15.45134],[120.05356,15.45234],[120.05491,15.45258],[120.0563,15.45334],[120.05785,15.45372],[120.05933,15.45457],[120.06089,15.45532],[120.06158,15.45616],[120.0636,15.45746],[120.06541,15.45837],[120.06643,15.45926],[120.06701,15.46022],[120.06781,15.46108],[120.06854,15.46269],[120.06957,15.46348],[120.071,15.46297],[120.07224,15.4626],[120.07308,15.46178],[120.07508,15.46155],[120.07638,15.46132],[120.07825,15.46123],[120.08039,15.46096],[120.08097,15.46024],[120.08249,15.46101],[120.08343,15.46005],[120.08396,15.45931],[120.08499,15.46012],[120.08588,15.45968],[120.08725,15.45972],[120.08839,15.45936],[120.08937,15.45991],[120.08998,15.46098],[120.09184,15.46195],[120.09327,15.46175],[120.09417,15.46273],[120.0971,15.46397],[120.0984,15.46497],[120.10048,15.46479],[120.10149,15.4643],[120.10164,15.46427],[120.10121,15.46527],[120.10217,15.46481],[120.10351,15.46429],[120.10413,15.46468],[120.10541,15.46421],[120.10645,15.46391],[120.10731,15.46451],[120.10756,15.46538],[120.10867,15.46607],[120.11,15.46617],[120.11131,15.4662],[120.11202,15.46721],[120.11287,15.46889],[120.1144,15.46997],[120.11519,15.47119],[120.11705,15.47271],[120.11778,15.47403],[120.11847,15.47482],[120.11893,15.47612],[120.1199,15.47696],[120.12035,15.47769],[120.12137,15.47841],[120.12166,15.4795],[120.12123,15.48034],[120.12107,15.48107]],"ele":[556,588,599,615,614,621,629,673,693,714,722,733,745,758,771,771,811,843,872,894,924,970,963,980,975,975,972,969,998,1011,1064,1074,1136,1168,1181,1232,1256,1280,1301,1291,1352,1398,1388,1364,1390,1402,1427,1427,1386,1461,1509,1509,1560,1583,1628,1647,1660,1669,1717,1736,1718,1732,1722,1734,1791,1843,1882,1901,1951,1995,2016,2027,2030],"dist_km":11.9,"ascent_m":1474,"net":[[[120.0415,15.4467],[120.0428,15.4464],[120.0478,15.4478],[120.0501,15.4498],[120.052,15.4507],[120.0539,15.4525],[120.0557,15.4528],[120.0563,15.4533],[120.0588,15.4542],[120.06,15.4552],[120.0612,15.4554],[120.0616,15.4562],[120.064,15.4578],[120.0654,15.4584],[120.0664,15.4593],[120.067,15.4604],[120.0678,15.4611],[120.0685,15.4627],[120.0696,15.4635],[120.0716,15.4629],[120.0731,15.4618],[120.0741,15.4615],[120.0793,15.4609],[120.0808,15.4611],[120.0811,15.4601],[120.0815,15.4606],[120.0829,15.4609],[120.0832,15.4608],[120.084,15.4593],[120.085,15.4601],[120.0855,15.4601],[120.0861,15.4596],[120.0868,15.4599],[120.0874,15.4595],[120.0884,15.4594],[120.0891,15.4596],[120.09,15.461],[120.0907,15.4615],[120.0918,15.462],[120.0934,15.4618],[120.0949,15.4632],[120.0971,15.464],[120.0984,15.465],[120.1009,15.4646],[120.1015,15.4643],[120.1016,15.4638],[120.1014,15.4653],[120.1027,15.4644],[120.1035,15.4643],[120.1038,15.4649],[120.1044,15.4644],[120.1064,15.4639],[120.107,15.464],[120.1073,15.4645],[120.1069,15.4652],[120.1076,15.4654],[120.1077,15.4657],[120.1087,15.4661],[120.1113,15.4662],[120.1129,15.4689],[120.1151,15.4706],[120.1154,15.4714],[120.1169,15.472],[120.1184,15.4732],[120.1198,15.4731],[120.1198,15.4742],[120.1185,15.4748],[120.1187,15.4758],[120.1199,15.477],[120.1198,15.4774],[120.1215,15.4787],[120.1213,15.4791],[120.1217,15.48],[120.1209,15.4804],[120.1211,15.4811]],[[120.116,15.4716],[120.1172,15.473],[120.1178,15.4744],[120.1185,15.4748]],[[120.1656,15.5203],[120.1654,15.5197],[120.1635,15.5196],[120.1631,15.5192],[120.1629,15.5172],[120.1626,15.5162],[120.1632,15.5133],[120.163,15.5118],[120.1638,15.5093],[120.1636,15.5089],[120.1625,15.5086],[120.1621,15.5079],[120.1621,15.5064],[120.1612,15.5061],[120.1606,15.5067],[120.1603,15.5065],[120.16,15.5068],[120.1598,15.5067],[120.1595,15.5053],[120.1595,15.5043],[120.1599,15.504],[120.1598,15.5031],[120.1594,15.5027],[120.1589,15.5028],[120.1585,15.502],[120.1584,15.5],[120.1589,15.4983],[120.1583,15.4987],[120.1577,15.4987],[120.1565,15.4974],[120.1544,15.4984],[120.1544,15.4977],[120.1537,15.498],[120.1535,15.4977],[120.1533,15.4973],[120.1535,15.4959],[120.1527,15.4952],[120.1523,15.4952],[120.152,15.4958],[120.1516,15.4951],[120.1507,15.4955],[120.1496,15.4938],[120.1476,15.4927],[120.1464,15.4916],[120.1449,15.4922],[120.1451,15.4914],[120.1449,15.4909],[120.1456,15.49],[120.1449,15.4903],[120.1448,15.4898],[120.1444,15.4897],[120.1446,15.4888],[120.1442,15.4882],[120.1441,15.4874],[120.1432,15.4868],[120.1428,15.4862],[120.1412,15.485],[120.1398,15.4822],[120.1388,15.4816],[120.1366,15.4826],[120.1353,15.4825],[120.134,15.4818],[120.1325,15.4822],[120.1319,15.4828],[120.1303,15.4826],[120.1272,15.4845],[120.1248,15.4864],[120.1238,15.4863],[120.1231,15.487],[120.1229,15.4869],[120.1233,15.4849],[120.1226,15.4843],[120.1222,15.4828],[120.1206,15.482],[120.1207,15.4814],[120.1211,15.4811]]],"src":"OpenStreetMap"}