{"route":[[120.48804,14.46281],[120.48857,14.46453],[120.48896,14.46642],[120.48988,14.46788],[120.49041,14.46876],[120.4911,14.4695],[120.49246,14.47013],[120.49341,14.47176],[120.49416,14.47252],[120.49494,14.47341],[120.49629,14.47343],[120.49739,14.47373],[120.4975,14.47505],[120.49657,14.47634],[120.4962,14.4776],[120.49829,14.47975],[120.49774,14.48117],[120.4972,14.48259],[120.4963,14.48381],[120.49667,14.48494],[120.49422,14.48581],[120.49368,14.48723],[120.49344,14.48835],[120.49317,14.49103],[120.49176,14.49235],[120.49282,14.4921],[120.49392,14.49143],[120.49442,14.4905],[120.49497,14.48877],[120.49619,14.48941],[120.49704,14.48946],[120.49795,14.48894],[120.49914,14.48919],[120.49941,14.48995],[120.5006,14.48955],[120.50144,14.49037],[120.50271,14.49037],[120.50413,14.48996],[120.50492,14.48955],[120.50606,14.48918],[120.50593,14.49024],[120.5051,14.49125],[120.50546,14.49226],[120.50602,14.49332],[120.5049,14.49441],[120.5038,14.49465],[120.50292,14.49508],[120.50207,14.49622],[120.50111,14.49715],[120.50037,14.49846],[120.5012,14.49923],[120.50028,14.49968],[120.49996,14.50027],[120.49825,14.50169],[120.4973,14.5025],[120.49688,14.50353],[120.4952,14.50305],[120.49371,14.50293],[120.49295,14.50381],[120.4923,14.5051],[120.49149,14.50583],[120.49074,14.50603]],"ele":[241,253,273,300,314,331,345,388,412,434,381,311,318,326,342,373,366,392,443,444,450,472,487,550,556,589,573,584,546,642,639,632,682,644,615,644,650,623,635,603,580,613,635,620,567,573,554,566,565,584,551,583,624,702,753,724,837,914,952,1007,1067,1077],"dist_km":10.2,"ascent_m":1057,"net":[[[120.4928,14.5039],[120.4918,14.5056],[120.4914,14.5059],[120.4909,14.5057],[120.4905,14.5073],[120.4907,14.5084]],[[120.4899,14.5121],[120.4896,14.5124],[120.4896,14.513],[120.4907,14.5141],[120.4953,14.5171],[120.4972,14.5193],[120.4972,14.52],[120.4965,14.5206],[120.4948,14.5194],[120.4918,14.5191],[120.4893,14.5201],[120.4872,14.5225],[120.486,14.5218],[120.4826,14.5209],[120.4772,14.5205],[120.4761,14.521],[120.4722,14.5202],[120.4683,14.5201],[120.465,14.5197],[120.4648,14.5207],[120.4631,14.5235],[120.4633,14.5242]],[[120.4889,14.4668],[120.4899,14.4679],[120.49,14.4686],[120.491,14.4687],[120.4911,14.4695],[120.4925,14.4701],[120.4934,14.4721],[120.4942,14.4725],[120.4944,14.4731],[120.4949,14.4734],[120.4974,14.4737],[120.4976,14.4745],[120.4975,14.475],[120.496,14.477],[120.4962,14.4776],[120.4983,14.4797],[120.4984,14.4802],[120.4977,14.4812],[120.4977,14.4819],[120.497,14.4835],[120.4963,14.4838],[120.4968,14.4855],[120.4964,14.4858],[120.4938,14.486],[120.4937,14.4872],[120.4933,14.4879],[120.4932,14.491],[120.4916,14.4925],[120.4896,14.4971],[120.4883,14.4975],[120.488,14.4979],[120.4865,14.5019],[120.4854,14.5022],[120.4832,14.502],[120.4821,14.5047],[120.4816,14.5054],[120.4807,14.5058],[120.4772,14.5051],[120.4762,14.5053],[120.4741,14.5066],[120.4734,14.5081],[120.4739,14.51],[120.4701,14.5123],[120.4691,14.5136],[120.4692,14.5151],[120.4689,14.516],[120.4675,14.5178],[120.4658,14.5185],[120.465,14.5197]],[[120.5195,14.4763],[120.5187,14.4767],[120.518,14.4785],[120.5169,14.478],[120.5161,14.4796],[120.5156,14.4817],[120.5151,14.4828],[120.5132,14.4838],[120.5126,14.4845],[120.5116,14.4848],[120.5105,14.4859],[120.5095,14.4863],[120.509,14.487],[120.5075,14.4883],[120.5072,14.4888],[120.5064,14.4893],[120.5051,14.4913],[120.5051,14.4919],[120.5057,14.4924],[120.5061,14.4936],[120.5049,14.4944],[120.5038,14.4947],[120.5034,14.4945],[120.503,14.4947],[120.5021,14.4962],[120.5017,14.4963],[120.5004,14.4978],[120.5004,14.4985],[120.5009,14.4985],[120.5012,14.4992],[120.5003,14.4995],[120.5006,14.5],[120.4996,14.5003],[120.4973,14.5025],[120.4973,14.5034],[120.4965,14.5035],[120.4959,14.503],[120.4937,14.5029],[120.4931,14.5033],[120.4928,14.5039]],[[120.4907,14.5084],[120.4908,14.5101],[120.4905,14.5113],[120.4899,14.5121]],[[120.5194,14.4754],[120.5195,14.4763]],[[120.501,14.4994],[120.501,14.5001]],[[120.5011,14.4993],[120.5015,14.4996]],[[120.5064,14.4893],[120.5049,14.4896],[120.5046,14.4894],[120.5041,14.49],[120.5033,14.4897],[120.5027,14.4904],[120.5021,14.4901],[120.5014,14.4904],[120.5,14.4893],[120.4994,14.4899],[120.499,14.4899],[120.4988,14.4895],[120.4991,14.4892],[120.4979,14.4889],[120.4963,14.4898],[120.4962,14.4894],[120.495,14.4888],[120.4945,14.4907],[120.4942,14.4908],[120.4936,14.4918],[120.4918,14.4924]],[[120.4913,14.4935],[120.4907,14.4949],[120.4902,14.4949],[120.4889,14.4966],[120.489,14.4972]],[[120.4876,14.4989],[120.4871,14.4993],[120.4874,14.4998]],[[120.4875,14.4994],[120.4879,14.4994],[120.4879,14.5003],[120.4869,14.5015],[120.4875,14.5032],[120.4872,14.5038],[120.4889,14.5049],[120.4907,14.5055],[120.4907,14.5059]],[[120.4876,14.4683],[120.4889,14.4672],[120.489,14.4664],[120.4889,14.4652],[120.488,14.4628]],[[120.5222,14.4717],[120.5215,14.4721],[120.5201,14.4744],[120.5194,14.475],[120.5194,14.4754]],[[120.4468,14.5311],[120.4504,14.5293],[120.4543,14.5284],[120.4556,14.5275],[120.4633,14.5242]]],"src":"OpenStreetMap"}