{"route":[[120.44675,14.53107],[120.44906,14.53017],[120.45042,14.52935],[120.4523,14.52905],[120.45428,14.52837],[120.45563,14.52755],[120.45693,14.52715],[120.45795,14.5265],[120.45902,14.52601],[120.461,14.52529],[120.4632,14.52428],[120.46401,14.52218],[120.46484,14.52069],[120.46679,14.51978],[120.46835,14.52009],[120.4722,14.52016],[120.47364,14.52041],[120.47606,14.52102],[120.4772,14.52053],[120.47891,14.52053],[120.48152,14.52085],[120.48353,14.52105],[120.48598,14.52178],[120.48721,14.52248],[120.48874,14.521],[120.4906,14.51946],[120.49184,14.51909],[120.49408,14.51924],[120.49614,14.52028],[120.4972,14.51995],[120.49639,14.51833],[120.49531,14.5171],[120.49394,14.51606],[120.49247,14.51518],[120.49128,14.51467],[120.48958,14.51297],[120.49046,14.51132],[120.49087,14.50972],[120.49074,14.50854],[120.49052,14.50734],[120.49088,14.5057],[120.49211,14.50528],[120.4926,14.50419],[120.49335,14.50304],[120.49452,14.50287],[120.49606,14.50307],[120.49735,14.50341]],"ele":[724,765,842,902,917,956,981,1007,1060,1148,1293,1312,1323,1336,1112,1037,983,925,874,881,902,889,791,799,892,943,994,984,1109,1194,1158,1184,1193,1217,1226,1214,1221,1158,1141,1106,1012,1007,964,914,882,795,724],"dist_km":9.3,"ascent_m":979,"net":[[[120.4928,14.5039],[120.4918,14.5056],[120.4914,14.5059],[120.4909,14.5057],[120.4905,14.5073],[120.4907,14.5084]],[[120.4899,14.5121],[120.4896,14.5124],[120.4896,14.513],[120.4907,14.5141],[120.4953,14.5171],[120.4972,14.5193],[120.4972,14.52],[120.4965,14.5206],[120.4948,14.5194],[120.4918,14.5191],[120.4893,14.5201],[120.4872,14.5225],[120.486,14.5218],[120.4826,14.5209],[120.4772,14.5205],[120.4761,14.521],[120.4722,14.5202],[120.4683,14.5201],[120.465,14.5197],[120.4648,14.5207],[120.4631,14.5235],[120.4633,14.5242]],[[120.4889,14.4668],[120.4899,14.4679],[120.49,14.4686],[120.491,14.4687],[120.4911,14.4695],[120.4925,14.4701],[120.4934,14.4721],[120.4942,14.4725],[120.4944,14.4731],[120.4949,14.4734],[120.4974,14.4737],[120.4976,14.4745],[120.4975,14.475],[120.496,14.477],[120.4962,14.4776],[120.4983,14.4797],[120.4984,14.4802],[120.4977,14.4812],[120.4977,14.4819],[120.497,14.4835],[120.4963,14.4838],[120.4968,14.4855],[120.4964,14.4858],[120.4938,14.486],[120.4937,14.4872],[120.4933,14.4879],[120.4932,14.491],[120.4916,14.4925],[120.4896,14.4971],[120.4883,14.4975],[120.488,14.4979],[120.4865,14.5019],[120.4854,14.5022],[120.4832,14.502],[120.4821,14.5047],[120.4816,14.5054],[120.4807,14.5058],[120.4772,14.5051],[120.4762,14.5053],[120.4741,14.5066],[120.4734,14.5081],[120.4739,14.51],[120.4701,14.5123],[120.4691,14.5136],[120.4692,14.5151],[120.4689,14.516],[120.4675,14.5178],[120.4658,14.5185],[120.465,14.5197]],[[120.5195,14.4763],[120.5187,14.4767],[120.518,14.4785],[120.5169,14.478],[120.5161,14.4796],[120.5156,14.4817],[120.5151,14.4828],[120.5132,14.4838],[120.5126,14.4845],[120.5116,14.4848],[120.5105,14.4859],[120.5095,14.4863],[120.509,14.487],[120.5075,14.4883],[120.5072,14.4888],[120.5064,14.4893],[120.5051,14.4913],[120.5051,14.4919],[120.5057,14.4924],[120.5061,14.4936],[120.5049,14.4944],[120.5038,14.4947],[120.5034,14.4945],[120.503,14.4947],[120.5021,14.4962],[120.5017,14.4963],[120.5004,14.4978],[120.5004,14.4985],[120.5009,14.4985],[120.5012,14.4992],[120.5003,14.4995],[120.5006,14.5],[120.4996,14.5003],[120.4973,14.5025],[120.4973,14.5034],[120.4965,14.5035],[120.4959,14.503],[120.4937,14.5029],[120.4931,14.5033],[120.4928,14.5039]],[[120.4907,14.5084],[120.4908,14.5101],[120.4905,14.5113],[120.4899,14.5121]],[[120.5194,14.4754],[120.5195,14.4763]],[[120.501,14.4994],[120.501,14.5001]],[[120.5011,14.4993],[120.5015,14.4996]],[[120.5064,14.4893],[120.5049,14.4896],[120.5046,14.4894],[120.5041,14.49],[120.5033,14.4897],[120.5027,14.4904],[120.5021,14.4901],[120.5014,14.4904],[120.5,14.4893],[120.4994,14.4899],[120.499,14.4899],[120.4988,14.4895],[120.4991,14.4892],[120.4979,14.4889],[120.4963,14.4898],[120.4962,14.4894],[120.495,14.4888],[120.4945,14.4907],[120.4942,14.4908],[120.4936,14.4918],[120.4918,14.4924]],[[120.4913,14.4935],[120.4907,14.4949],[120.4902,14.4949],[120.4889,14.4966],[120.489,14.4972]],[[120.4876,14.4989],[120.4871,14.4993],[120.4874,14.4998]],[[120.4875,14.4994],[120.4879,14.4994],[120.4879,14.5003],[120.4869,14.5015],[120.4875,14.5032],[120.4872,14.5038],[120.4889,14.5049],[120.4907,14.5055],[120.4907,14.5059]],[[120.4876,14.4683],[120.4889,14.4672],[120.489,14.4664],[120.4889,14.4652],[120.488,14.4628]],[[120.5222,14.4717],[120.5215,14.4721],[120.5201,14.4744],[120.5194,14.475],[120.5194,14.4754]],[[120.4468,14.5311],[120.4504,14.5293],[120.4543,14.5284],[120.4556,14.5275],[120.4633,14.5242]]],"src":"OpenStreetMap"}