{"route":[[124.43811,11.62793],[124.43794,11.62737],[124.43855,11.62828],[124.43899,11.62922],[124.43983,11.63037],[124.44107,11.63068],[124.44176,11.63104],[124.44196,11.63235],[124.44321,11.63265],[124.44411,11.63375],[124.44438,11.63488],[124.44544,11.6362],[124.44508,11.63755],[124.44467,11.63856],[124.44508,11.64051],[124.44653,11.64141],[124.44738,11.64341],[124.44928,11.64392],[124.45015,11.64446],[124.45153,11.64408],[124.45267,11.64481],[124.45428,11.64557],[124.45504,11.64649],[124.45635,11.64713],[124.45775,11.64738],[124.45896,11.64706],[124.46027,11.64726],[124.46123,11.64854],[124.46186,11.64996]],"ele":[456,427,470,502,513,514,546,565,598,621,622,649,670,691,775,803,851,893,889,895,923,969,1003,1036,1103,1139,1238,1292,1339],"dist_km":4.6,"ascent_m":874,"net":[[[124.4324,11.6199],[124.4323,11.6205],[124.433,11.6217],[124.4337,11.6219],[124.4342,11.6226]],[[124.432,11.6191],[124.433,11.6197],[124.4344,11.6199],[124.4364,11.6221],[124.4372,11.6224],[124.4383,11.6252]],[[124.4754,11.6749],[124.4749,11.6749],[124.4742,11.6753],[124.4736,11.6767],[124.4733,11.6769],[124.4731,11.6776],[124.4734,11.6781],[124.4731,11.6793],[124.4714,11.6797],[124.4709,11.6803],[124.4706,11.6815],[124.4712,11.6824],[124.4712,11.6829],[124.472,11.6839],[124.4709,11.6875],[124.4698,11.6889],[124.4693,11.6891],[124.4687,11.6904],[124.4672,11.6914]],[[124.4621,11.6501],[124.4603,11.6473],[124.4593,11.647],[124.4577,11.6474],[124.4563,11.6471],[124.4553,11.6467],[124.4543,11.6456],[124.4529,11.6451],[124.4515,11.6441],[124.451,11.644],[124.4498,11.6445],[124.4493,11.6439],[124.4474,11.6434],[124.4466,11.6422],[124.4465,11.6414],[124.446,11.6409],[124.4451,11.6405],[124.4446,11.6395],[124.4449,11.6377],[124.4454,11.6367],[124.4452,11.6353],[124.4444,11.6349],[124.4441,11.6344],[124.4441,11.6338],[124.4434,11.6332],[124.4432,11.6326],[124.442,11.6324],[124.4417,11.6316],[124.4419,11.6308],[124.4412,11.6309],[124.4398,11.6304],[124.4391,11.6296],[124.4386,11.6281],[124.4378,11.6272],[124.4378,11.6269]],[[124.4381,11.6279],[124.4378,11.6271]]],"src":"OpenStreetMap"}