{"route":[[120.72712,16.36109],[120.7278,16.35978],[120.72933,16.35919],[120.73019,16.35843],[120.73121,16.35883],[120.73168,16.35879],[120.73266,16.35878],[120.73412,16.35809],[120.7349,16.35756],[120.73606,16.35714],[120.73747,16.3558],[120.73838,16.35567],[120.73843,16.35446],[120.73924,16.35378],[120.74011,16.35246],[120.74136,16.35229],[120.74353,16.35105],[120.74469,16.35065],[120.74551,16.35128],[120.74556,16.35169],[120.7453,16.35276],[120.74606,16.35276],[120.74754,16.35265],[120.74939,16.35293],[120.75051,16.35283],[120.75153,16.35285],[120.75286,16.35235],[120.75419,16.35313],[120.75566,16.3529],[120.7573,16.35335],[120.75917,16.35398],[120.76019,16.3544],[120.76202,16.35471],[120.76342,16.35387],[120.76434,16.35379],[120.76552,16.35358],[120.76749,16.35294],[120.76878,16.35257],[120.77001,16.35242],[120.77115,16.35258],[120.77217,16.35141],[120.7727,16.35051],[120.7744,16.35013],[120.7755,16.35015],[120.77658,16.3497],[120.77762,16.34918],[120.77863,16.34931],[120.77936,16.34973],[120.78034,16.3495],[120.7819,16.35],[120.78299,16.35002],[120.78423,16.34972],[120.7856,16.35001],[120.78727,16.35028],[120.78843,16.35074],[120.78959,16.35158],[120.79058,16.352],[120.79147,16.35104],[120.79249,16.35025],[120.79334,16.34954],[120.79505,16.34837],[120.79625,16.34841],[120.79715,16.34779],[120.7975,16.34587],[120.79826,16.34474],[120.79906,16.34418],[120.80054,16.34446],[120.80084,16.34332],[120.79987,16.34214],[120.79948,16.34127],[120.79959,16.34023],[120.79958,16.33904],[120.80047,16.33809],[120.80129,16.33742],[120.80242,16.33619],[120.8022,16.33507],[120.80225,16.33398],[120.80274,16.33275],[120.80377,16.33195],[120.8033,16.33098],[120.80306,16.3295],[120.80306,16.32819],[120.8029,16.32669],[120.80278,16.3259],[120.80264,16.32475],[120.80255,16.32284],[120.80265,16.32074],[120.8031,16.31979],[120.80217,16.31873]],"ele":[468,483,486,496,503,540,553,626,630,665,717,727,750,743,726,731,765,830,840,883,896,938,1018,1037,1061,1085,1149,1184,1193,1206,1247,1248,1283,1301,1312,1312,1261,1240,1260,1275,1237,1249,1265,1285,1301,1343,1373,1398,1410,1421,1441,1486,1478,1525,1536,1556,1587,1562,1554,1542,1540,1548,1628,1635,1656,1673,1698,1754,1783,1800,1816,1830,1814,1846,1805,1787,1804,1788,1778,1791,1785,1817,1823,1843,1927,1995,2109,2136,2114],"dist_km":14.4,"ascent_m":1789,"net":[[[120.8031,16.3198],[120.8026,16.3201],[120.8028,16.3219],[120.8023,16.3239],[120.8028,16.3259],[120.803,16.326],[120.8028,16.3265],[120.8031,16.3301],[120.8038,16.3318],[120.8027,16.3328],[120.8022,16.334],[120.8021,16.3347],[120.8024,16.3362],[120.8022,16.3369],[120.8013,16.3374],[120.8008,16.3382],[120.8005,16.3381],[120.7999,16.3384],[120.7995,16.3398],[120.7996,16.3421],[120.8008,16.3431],[120.8009,16.3442],[120.8005,16.3445],[120.7994,16.3441],[120.7985,16.3443],[120.7975,16.3459],[120.7972,16.3478],[120.7962,16.3484],[120.795,16.3484],[120.794,16.3488],[120.7906,16.352],[120.7901,16.3521],[120.7884,16.3507],[120.7873,16.3503],[120.7861,16.3503],[120.7845,16.3497],[120.7822,16.3502],[120.7808,16.3495],[120.7798,16.3499],[120.7794,16.3497],[120.7793,16.3493],[120.7776,16.3492],[120.7752,16.3503],[120.7744,16.3501],[120.7737,16.3505],[120.7727,16.3505],[120.7728,16.351],[120.7722,16.3514],[120.7717,16.3526],[120.7695,16.3524],[120.7662,16.3535],[120.7643,16.3538],[120.7638,16.3535],[120.762,16.3547],[120.7611,16.3548],[120.7592,16.354],[120.7579,16.3539],[120.7576,16.3534],[120.7565,16.3534],[120.7557,16.3529],[120.7542,16.3531],[120.7533,16.3523],[120.7517,16.3531],[120.751,16.3527],[120.7501,16.3531],[120.7481,16.3526],[120.7461,16.353],[120.7461,16.3528],[120.7456,16.3533],[120.7453,16.3522],[120.7461,16.3511],[120.745,16.3512],[120.7447,16.3507],[120.7439,16.3513],[120.7435,16.3511],[120.7414,16.3523],[120.7401,16.3525],[120.7392,16.3538],[120.7385,16.3542],[120.7384,16.3558],[120.7375,16.3558],[120.7366,16.3569],[120.7364,16.3567],[120.7353,16.3575],[120.7342,16.3575],[120.7337,16.3589],[120.7319,16.359],[120.7317,16.3588],[120.7314,16.3593],[120.731,16.3586],[120.7302,16.3584],[120.7293,16.3592],[120.7278,16.3598],[120.7271,16.3611]],[[120.8031,16.3198],[120.8027,16.3194]],[[120.8258,16.3263],[120.8238,16.3283],[120.8228,16.3301],[120.8221,16.3301],[120.8224,16.329],[120.8221,16.3284],[120.8223,16.3278],[120.8219,16.3274],[120.8217,16.3268],[120.8227,16.3262],[120.8221,16.3259],[120.8225,16.3253],[120.8218,16.3253],[120.8212,16.3248],[120.8204,16.325],[120.8207,16.3245],[120.82,16.3235]],[[120.8029,16.3275],[120.8034,16.3263],[120.8044,16.3261],[120.8042,16.3254],[120.8046,16.325],[120.8045,16.3244],[120.8058,16.3247],[120.8071,16.3255],[120.8073,16.3245],[120.8068,16.3236],[120.8075,16.3218],[120.8078,16.3216],[120.8085,16.3219],[120.8082,16.3211],[120.8089,16.3211],[120.8098,16.3207],[120.8094,16.319],[120.811,16.3183]],[[120.8199,16.3235],[120.8202,16.3229],[120.821,16.3229],[120.8212,16.3222],[120.8217,16.3227],[120.8222,16.3228],[120.8222,16.3221],[120.8226,16.3222],[120.8228,16.3217],[120.8225,16.3212],[120.8233,16.3208],[120.8236,16.3203],[120.8243,16.3202],[120.8241,16.3192],[120.8248,16.3194],[120.8251,16.3192],[120.8244,16.3186],[120.8235,16.3184],[120.823,16.3172],[120.8231,16.3164],[120.824,16.3167],[120.8245,16.316],[120.8248,16.316],[120.8247,16.3154],[120.8255,16.3149],[120.8245,16.3138],[120.8243,16.313],[120.8248,16.3126],[120.8244,16.312],[120.8246,16.3111],[120.8252,16.3108],[120.8254,16.3112],[120.8256,16.3107],[120.8261,16.3105],[120.8251,16.3093],[120.8251,16.3082],[120.8254,16.3079],[120.8257,16.3084],[120.8265,16.3083],[120.8275,16.3076],[120.8287,16.3085],[120.8294,16.3076],[120.8302,16.308],[120.8311,16.3072],[120.8312,16.3063],[120.8318,16.3058],[120.8321,16.305],[120.8316,16.3042],[120.832,16.3038],[120.8313,16.3031],[120.8313,16.3024],[120.8318,16.3025],[120.8326,16.3017],[120.8327,16.3],[120.8323,16.2992],[120.8328,16.2973],[120.833,16.2965],[120.8345,16.2949],[120.8346,16.2941],[120.8354,16.2948],[120.8358,16.2947],[120.8367,16.2933],[120.8371,16.2932],[120.8369,16.2928],[120.837,16.2922],[120.8383,16.291],[120.839,16.2908],[120.84,16.2896],[120.8406,16.2897],[120.841,16.2903],[120.8417,16.2899],[120.8423,16.2904],[120.8427,16.2898],[120.8426,16.2891],[120.8443,16.288],[120.8452,16.2879],[120.846,16.2882],[120.8473,16.2879],[120.8477,16.2876],[120.8487,16.2853],[120.8485,16.2845],[120.8489,16.2848],[120.8497,16.2846]],[[120.8258,16.3263],[120.8255,16.3257],[120.8251,16.3258],[120.8246,16.3253],[120.8248,16.3249],[120.8237,16.3245],[120.824,16.3242],[120.8238,16.3241],[120.8227,16.324],[120.8219,16.3243],[120.821,16.3243],[120.82,16.3235]],[[120.8158,16.3194],[120.8143,16.3186],[120.8128,16.3188],[120.8101,16.318],[120.8093,16.318],[120.8084,16.3172],[120.8084,16.3175],[120.8075,16.3174],[120.8075,16.3176]],[[120.8396,16.3419],[120.8389,16.3421],[120.8377,16.3433],[120.8368,16.3417],[120.8363,16.3421],[120.8363,16.3427],[120.8355,16.3436],[120.834,16.3435],[120.8334,16.3428],[120.8334,16.3417],[120.8327,16.3414],[120.8324,16.3406],[120.832,16.3408]],[[120.832,16.3408],[120.8314,16.3418],[120.8311,16.3416],[120.8307,16.3403],[120.8309,16.3399],[120.8302,16.3402],[120.83,16.34],[120.8298,16.3404],[120.8292,16.3404],[120.8285,16.3416],[120.8283,16.3416],[120.8281,16.3407],[120.8278,16.3407],[120.8257,16.342],[120.825,16.3408],[120.8236,16.3404],[120.8229,16.3407],[120.8228,16.3411],[120.8222,16.3412],[120.8214,16.3424],[120.8214,16.341],[120.8193,16.3404],[120.8188,16.339],[120.8182,16.3382],[120.8182,16.337],[120.8159,16.3367],[120.8143,16.336],[120.8139,16.3341],[120.8141,16.3329],[120.8134,16.3315],[120.8126,16.3307],[120.8112,16.3302],[120.8076,16.3299],[120.8065,16.3303],[120.8058,16.3312],[120.8048,16.3318],[120.8042,16.3315],[120.8037,16.332]],[[120.7887,16.3049],[120.7899,16.3075],[120.7913,16.3083],[120.7917,16.3083],[120.7926,16.3093],[120.7934,16.3108],[120.7937,16.3107],[120.7943,16.3114],[120.7949,16.3115],[120.7951,16.312],[120.7962,16.312],[120.7961,16.3117],[120.7969,16.3113],[120.7968,16.311],[120.7973,16.3106],