{"route":[[120.6481,16.32694],[120.64795,16.32587],[120.64851,16.32407],[120.64837,16.32302],[120.64814,16.32195],[120.649,16.32016],[120.64901,16.31891],[120.64896,16.31695],[120.64864,16.3155],[120.648,16.31446],[120.64827,16.31319],[120.64826,16.31185],[120.6483,16.31089],[120.64826,16.30938],[120.64746,16.3083],[120.64769,16.30672],[120.64724,16.30531],[120.64584,16.30504],[120.645,16.30419],[120.64256,16.30249],[120.64185,16.30148],[120.6411,16.30045],[120.6401,16.30017],[120.63922,16.29935],[120.63869,16.29818],[120.63796,16.29724],[120.63711,16.29563],[120.63708,16.2946],[120.63613,16.29332],[120.63477,16.29296],[120.63429,16.29192],[120.63284,16.29123],[120.63155,16.29076],[120.63121,16.29033]],"ele":[1557,1557,1574,1570,1550,1545,1601,1630,1633,1664,1698,1702,1681,1712,1749,1789,1780,1726,1707,1723,1731,1747,1710,1713,1766,1737,1779,1782,1779,1736,1741,1766,1807,1807],"dist_km":5.4,"ascent_m":359,"net":[[[120.6492,16.3236],[120.6486,16.3228],[120.6483,16.3235],[120.6482,16.3226],[120.6481,16.3219],[120.6487,16.3213],[120.6491,16.3194],[120.6486,16.3149],[120.648,16.3145],[120.6478,16.3137],[120.6484,16.313],[120.6481,16.3122],[120.6485,16.3117],[120.6483,16.3094],[120.6474,16.308],[120.6477,16.3067],[120.6476,16.3059],[120.6472,16.3053],[120.6458,16.305],[120.6443,16.3036],[120.6426,16.3025],[120.6424,16.3007],[120.6389,16.2974],[120.6385,16.2956],[120.6379,16.2947],[120.6378,16.2928],[120.6374,16.2922],[120.637,16.2921],[120.6367,16.2923],[120.6361,16.2919],[120.6355,16.2932],[120.6342,16.2926]],[[120.6458,16.2747],[120.6467,16.2747]],[[120.6596,16.2829],[120.6605,16.2829],[120.661,16.2821],[120.6612,16.2811],[120.6609,16.2809]],[[120.6605,16.3193],[120.6602,16.3188],[120.6607,16.3183]],[[120.6122,16.2591],[120.6129,16.2585]],[[120.6585,16.2553],[120.6583,16.2569]],[[120.6485,16.3228],[120.6482,16.3218]],[[120.6425,16.3023],[120.6415,16.3008],[120.6389,16.2993],[120.6387,16.2982],[120.637,16.2956],[120.6371,16.2946],[120.6366,16.2936],[120.6361,16.2933],[120.6354,16.2936],[120.6342,16.2926]],[[120.6342,16.2926],[120.6342,16.2917],[120.6323,16.2905],[120.6325,16.2901],[120.6319,16.2892],[120.6317,16.2874],[120.6305,16.2856],[120.6303,16.2842],[120.6295,16.283],[120.6296,16.2821],[120.6301,16.2818],[120.6301,16.2814],[120.629,16.2808],[120.6282,16.2795],[120.6265,16.2781],[120.6253,16.2784],[120.6249,16.2778],[120.6238,16.2782],[120.6232,16.2776],[120.6214,16.2771],[120.6216,16.2761],[120.6201,16.273],[120.6197,16.2726],[120.6192,16.2728],[120.6192,16.2724],[120.619,16.2725],[120.6186,16.2721],[120.6186,16.2715],[120.6176,16.2705],[120.617,16.2694],[120.6159,16.2693],[120.6143,16.2674],[120.6141,16.2662],[120.6143,16.2655],[120.6139,16.2652],[120.6138,16.2643],[120.6143,16.2635],[120.6145,16.2612],[120.6133,16.2599],[120.6122,16.2594],[120.6122,16.2591]],[[120.6339,16.2917],[120.6324,16.291],[120.6319,16.2911],[120.6311,16.2902],[120.6309,16.2894],[120.6313,16.289],[120.6316,16.2875]],[[120.6314,16.2871],[120.631,16.2867],[120.6311,16.2863],[120.6327,16.2867],[120.6352,16.2844],[120.6362,16.2838],[120.6366,16.284],[120.6368,16.2835],[120.6375,16.2833],[120.6393,16.2839],[120.6402,16.2849],[120.641,16.2847]],[[120.6433,16.2864],[120.6433,16.2865]],[[120.6432,16.2863],[120.6433,16.2864]],[[120.6412,16.2847],[120.6417,16.2848],[120.6416,16.2856],[120.6422,16.286]],[[120.641,16.2847],[120.6412,16.2847]],[[120.6425,16.2859],[120.643,16.2859],[120.6432,16.2863]],[[120.6422,16.286],[120.6425,16.2859]],[[120.6473,16.3054],[120.6467,16.3049],[120.6453,16.3046]],[[120.649,16.3189],[120.6493,16.3176],[120.649,16.3172]],[[120.6487,16.3157],[120.649,16.3148],[120.6478,16.3138]],[[120.6506,16.2821],[120.6513,16.2819],[120.6508,16.2817],[120.6509,16.2814],[120.6504,16.2812]],[[120.5914,16.2917],[120.5905,16.2924],[120.5903,16.2931],[120.5908,16.2945],[120.5907,16.296],[120.5913,16.298],[120.5907,16.2988],[120.5906,16.3016],[120.5907,16.3027],[120.5911,16.3031],[120.5908,16.3047],[120.5916,16.3052],[120.592,16.3074],[120.5924,16.3077],[120.592,16.3084],[120.591,16.3094],[120.591,16.3107],[120.5904,16.3119],[120.5911,16.3152],[120.5921,16.3169],[120.593,16.3173],[120.593,16.3178],[120.5916,16.319],[120.5912,16.3201],[120.5912,16.3207],[120.5891,16.3249],[120.5885,16.3268],[120.5876,16.3281],[120.5827,16.3291],[120.579,16.3307],[120.5761,16.3331]],[[120.6064,16.2779],[120.6067,16.2784],[120.6071,16.2783],[120.6071,16.2788],[120.6075,16.2789],[120.6074,16.2801],[120.6078,16.2804],[120.6083,16.2805],[120.6089,16.2799],[120.6091,16.2803]],[[120.6021,16.2782],[120.6023,16.2783]],[[120.6023,16.2783],[120.6027,16.279],[120.6027,16.2797],[120.6033,16.28],[120.6043,16.2794],[120.6043,16.2788],[120.6047,16.2786],[120.6053,16.2778],[120.606,16.2781],[120.6065,16.2775]],[[120.597,16.2898],[120.5977,16.2894],[120.598,16.2879],[120.5992,16.2874],[120.5999,16.2865],[120.6002,16.2856],[120.6009,16.2853],[120.6012,16.2845],[120.6009,16.2842],[120.6008,16.2833],[120.6016,16.2822],[120.602,16.2821],[120.6026,16.2813],[120.6033,16.28]],[[120.597,16.2898],[120.5968,16.289],[120.5972,16.2879],[120.5979,16.2876]],[[120.593,16.3174],[120.5954,16.3172],[120.5963,16.3175],[120.5974,16.3191],[120.5989,16.3197],[120.5994,16.3215],[120.5981,16.3273],[120.5978,16.328],[120.5973,16.3282],[120.5971,16.3288],[120.5967,16.3291],[120.5976,16.3299],[120.5975,16.3306],[120.5965,16.3306],[120.5972,16.3315],[120.5983,16.3313],[120.5985,16.3316],[120.5979,16.3319],[120.5977,16.3327],[120.5955,16.3331],[120.5954,16.3335],[120.5956,16.3339],[120.5943,16.3342],[120.5935,16.3355],[120.593,16.3357],[120.5935,16.3365],[120.5914,16.3405],[120.5914,16.3408],[120.5921,16.3415]],[[120.5926,16.2917],[120.5917,16.2918]],[[120.5937,16.2919],[120.5926,16.2917]],[[120.6133,16.3207],[120.6124,16.3199]],[[120.5917,16.2918],[120.5914,16.2917]],[[120.5994,16.3209],[120.6002,16.3212],[120.601,16.3209],[120.6026,16.322],[120.6035,16.3219],[120.604,16.3225],[120.605,16.3214],[120.6067,16.3215],[120.6095,16.3223],[120.6101,16.3219],[120.6128,16.3223],[120.6133,16.3219],[120.6134,16.3207]],[[120.5831,16.2857],[120.5834,16.2866],[120.5855,16.2879]],[[120.6208,16.2558],[120.6212,16.2565],[120.6219,16.2567],[120.6223,16.2572]],[[120.5998,16.265],[120.5995,16.2653]],[[120.5995,16.2653],[120.5993,16.2655]],[[120.6005,16.2595],[120.6008,16.2593]],[[120.5979,16.2961],[120.5979,16.296]],[[120.6045,16.3],[120.6045,16.2999]],[[120.6045,16.2999],[120.6042,16.2995]],[[120.6473,16.3327],[120.6473,16.3333]],[[120.6469,16.3324],[120.6468,16.3333]],[[120.6564,16.3224],[120.6563,16.3224]],[[120.6563,16.3224],[120.6561,16.3225]],[[120.6565,16.3222],[120.6564,16.3224]],[[120.6559,16.323],[120.6559,16.3231]],[[120.6555,16.3231],[120.6553,16.3232]],[[120.6559,16.3231],[120.6555,16.3231]],[[120.6554,16.3235],[120.6554,16.3236]],[[120.6553,16.3232],[120.6554,16.3235]],[[120.6561,16.3225],[120.6557,16.3228],[120.6559,16.323]],[[120.6485,16.3306],[120.6483,16.3308]],[[120.6487,16.3314],[120.6491,16.3319]],[[120.6483,16.3308],[120.6487,16.3314]],[[120.6472,16.3312],[120.647,16.3313]],[[120.6472,16.3316],[120.6472,16.3312]],[[120.6473,16.332],[120.647,16.3324],[120.6468,16.3323],[120.6472,16.3316]],[[120.6473,16.3304],[120.6485,16.3304],[120.6485,16.3306]],[[120.6484,16.3238],[120.6483,16.3235]],[[120.6481,16.3269],[120.6478,16.3261],[120.6482,16.3247]],[[120.6482,16.3247],[120.6484,16.3238]],[[120.5979,16.296],[120.5983,16.296]]],"src":"OpenStreetMap"}