{"route":[[126.18352,7.45816],[126.18421,7.4559],[126.18505,7.45438],[126.18604,7.45381],[126.18722,7.45187],[126.1885,7.45135],[126.18994,7.45053],[126.19173,7.45025],[126.19299,7.44992],[126.19456,7.44943],[126.19565,7.44898],[126.19717,7.44901],[126.1985,7.44959],[126.19986,7.45154],[126.20187,7.45229],[126.20291,7.45185],[126.20391,7.45227],[126.20526,7.45326],[126.20667,7.45322],[126.20765,7.45279],[126.20876,7.45309],[126.20965,7.45398],[126.21095,7.45396],[126.21283,7.45348],[126.21316,7.45251],[126.21471,7.45311],[126.21579,7.45325],[126.21694,7.45359],[126.21789,7.45195],[126.21891,7.4512],[126.21949,7.44971],[126.21982,7.44858],[126.22023,7.44756],[126.22106,7.44696],[126.22193,7.44626],[126.22307,7.4459],[126.22383,7.4446],[126.22416,7.44377],[126.22385,7.44249]],"ele":[970,978,994,1000,1027,1056,1063,1119,1104,1141,1144,1193,1260,1372,1477,1484,1489,1475,1512,1534,1554,1610,1668,1795,1794,1965,2030,2119,2127,2194,2285,2303,2418,2467,2480,2463,2568,2572,2570],"dist_km":6.4,"ascent_m":1598,"net":[[[126.1835,7.4582],[126.1842,7.4559],[126.1851,7.4544],[126.1862,7.4539],[126.1872,7.4519],[126.1893,7.4507],[126.1909,7.4506],[126.1957,7.449],[126.1979,7.4492],[126.199,7.4501],[126.1999,7.4515],[126.2019,7.4523],[126.2029,7.4518],[126.2033,7.4519],[126.2057,7.4537],[126.2079,7.4527],[126.2088,7.4531],[126.2098,7.4541],[126.2117,7.4539],[126.2128,7.4535],[126.2128,7.4527],[126.2132,7.4525],[126.2169,7.4536],[126.2179,7.452],[126.2187,7.4517],[126.2192,7.4508],[126.2204,7.4473],[126.2219,7.4463],[126.2229,7.4461],[126.2233,7.445],[126.2243,7.4441],[126.2239,7.4425]]],"src":"OpenStreetMap"}